xxx,5/5/2015,16:16:51,Main Run,4A,1,TDT Long,NA,change scenario,0:00:19.72,19.726,NA,NA,
PID, Date, Time, RunType, Scenario, Trial, Task, Mode, InputEvent, ElapsedTime, Duration, N_OptimalChoice, R_FirstTry, Notes
xxx,5/5/2015,16:16:52,Main Run,4A,1,TDT Long,NA,Start Run,0:00:00.00,0,NA,NA,
xxx,5/5/2015,16:16:56,Main Run,4A,2,Radio,Visual Only,Jump to trial 2,0:00:00.00,0,NA,NA,
xxx,5/5/2015,16:16:57,Main Run,4A,2,Radio,Visual Only,chime,0:00:01.12,1.125,NA,NA,
xxx,5/5/2015,16:16:59,Main Run,4A,2,Radio,Visual Only,chime,0:00:03.21,2.094,NA,NA,
xxx,5/5/2015,16:17:02,Main Run,4A,2,Radio,Visual Only,r_command_correct,0:00:05.95,2.734,NA,NA,
xxx,5/5/2015,16:17:08,Main Run,4A,2,Radio,Visual Only,r_confirm_correct,0:00:11.51,5.563,NA,yes,
xxx,5/5/2015,16:17:08,Main Run,4A,3,Radio,Visual Only,next trial,0:00:11.54,0.031,NA,NA,
xxx,5/5/2015,16:17:10,Main Run,4A,3,Radio,Visual Only,chime,0:00:13.78,2.235,NA,NA,
xxx,5/5/2015,17:02:17,Main Run,2A,1,TDT Long,NA,change scenario,17:02:17.97,63566442137.971,NA,NA,
xxx,5/5/2015,17:07:53,Main Run,3B,1,TDT Short,NA,change scenario,17:07:53.09,63566442473.091,NA,NA,
PID, Date, Time, RunType, Scenario, Trial, Task, Mode, InputEvent, ElapsedTime, Duration, N_OptimalChoice, R_FirstTry, Notes
xxx,5/6/2015,14:06:34,Main Run,1A,7,Nav Hard,Audio Only,Jump to trial 7,0:00:00.00,0.001,NA,NA,
xxx,5/6/2015,14:06:35,Main Run,1A,7,Nav Hard,Audio Only,(nav) end prompt,0:00:01.35,1.354,NA,NA,
xxx,5/6/2015,16:58:31,Main Run,1A,1,TDT Long,NA,Start Run,0:00:00.00,0,NA,NA,
xxx,5/6/2015,16:58:36,Main Run,1A,1,TDT Long,NA,chime,0:00:05.01,5.017,NA,NA,
xxx,5/6/2015,16:58:42,Main Run,1A,7,Nav Easy,Audio Only,Jump to trial 7,0:00:00.00,-5.017,NA,NA,
xxx,5/6/2015,16:58:43,Main Run,1A,7,Nav Easy,Audio Only,(nav) end prompt,0:00:01.12,1.127,NA,NA,
PID, Date, Time, RunType, Scenario, Trial, Task, Mode, InputEvent, ElapsedTime, Duration, N_OptimalChoice, R_FirstTry, Notes
xxx,5/7/2015,20:32:36,Main Run,1B,1,TDT Short,NA,Start Run,0:00:00.00,0,NA,NA,
xxx,5/7/2015,20:32:41,Main Run,1B,2,Nav Easy,Hybrid,Jump to trial 2,0:00:00.00,0,NA,NA,
xxx,5/7/2015,20:32:50,Main Run,1B,2,Nav Easy,Hybrid,(nav) end prompt,0:00:09.36,9.362,NA,NA,
xxx,5/7/2015,20:32:57,Main Run,1B,2,Nav Easy,Hybrid,(nav) line 3,0:00:16.14,6.784,no,NA,
xxx,5/7/2015,20:32:57,Main Run,1B,2,Nav Easy,Hybrid,show confirmation,0:00:16.41,0.273,NA,NA,
xxx,5/7/2015,20:33:02,Main Run,1B,3,Nav Hard,Hybrid,start trial 3,0:00:21.45,5.032,NA,NA,
xxx,5/7/2015,20:33:04,Main Run,1B,3,Nav Hard,Hybrid,(nav) end prompt,0:00:22.88,1.435,NA,NA,
xxx,5/7/2015,20:33:18,Main Run,1B,4,Nav Hard,Hybrid,Jump to trial 4,0:00:00.00,-22.886,NA,NA,
xxx,5/7/2015,20:33:19,Main Run,1B,4,Nav Hard,Hybrid,(nav) end prompt,0:00:01.32,1.324,NA,NA,
xxx,5/7/2015,20:34:11,Main Run,1B,4,Nav Hard,Hybrid,(nav) line 5,0:00:52.78,51.462,yes,NA,
xxx,5/7/2015,20:34:11,Main Run,1B,4,Nav Hard,Hybrid,show confirmation,0:00:53.01,0.226,NA,NA,
xxx,5/7/2015,20:34:16,Main Run,1B,5,Nav Hard,Hybrid,start trial 5,0:00:58.04,5.033,NA,NA,
xxx,5/7/2015,20:34:17,Main Run,1B,5,Nav Hard,Hybrid,(nav) end prompt,0:00:59.16,1.122,NA,NA,
xxx,5/10/2015,23:21:16,Main Run,1A,1,TDT Long,NA,change scenario,0:00:27.06,27.066,NA,NA,
PID, Date, Time, RunType, Scenario, Trial, Task, Mode, InputEvent, ElapsedTime, Duration, N_OptimalChoice, R_FirstTry, Notes
xxx,5/10/2015,23:21:28,Main Run,1A,1,TDT Long,NA,Start Run,0:00:00.00,0,NA,NA,
xxx,5/10/2015,23:21:33,Main Run,1A,1,TDT Long,NA,chime,0:00:05.01,5.014,NA,NA,
xxx,5/10/2015,23:21:40,Main Run,1A,5,Nav Easy,Audio Only,Jump to trial 5,0:00:00.00,-5.014,NA,NA,
xxx,5/10/2015,23:21:41,Main Run,1A,5,Nav Easy,Audio Only,(nav) end prompt,0:00:01.11,1.114,NA,NA,
xxx,5/10/2015,23:22:27,Main Run,1A,2,Nav Hard,Audio Only,Jump to trial 2,0:00:00.00,-1.113,NA,NA,
xxx,5/10/2015,23:22:28,Main Run,1A,2,Nav Hard,Audio Only,(nav) end prompt,0:00:01.11,1.116,NA,NA,
xxx,5/10/2015,23:22:45,Main Run,1A,3,Nav Easy,Audio Only,Jump to trial 3,0:00:00.00,-1.117,NA,NA,
xxx,5/10/2015,23:22:46,Main Run,1A,3,Nav Easy,Audio Only,(nav) end prompt,0:00:01.32,1.328,NA,NA,
xxx,5/10/2015,23:22:57,Main Run,1A,4,Nav Hard,Audio Only,Jump to trial 4,0:00:00.00,-1.328,NA,NA,
xxx,5/10/2015,23:22:59,Main Run,1A,4,Nav Hard,Audio Only,(nav) end prompt,0:00:01.31,1.317,NA,NA,
xxx,5/10/2015,23:23:18,Main Run,1A,5,Nav Easy,Audio Only,Jump to trial 5,0:00:00.00,-1.317,NA,NA,
xxx,5/10/2015,23:23:23,Main Run,1A,5,Nav Easy,Audio Only,(nav) end prompt,0:00:05.00,5.001,NA,NA,
xxx,5/10/2015,23:23:36,Main Run,1A,6,Nav Easy,Audio Only,Jump to trial 6,0:00:00.00,-5.001,NA,NA,
xxx,5/10/2015,23:23:37,Main Run,1A,6,Nav Easy,Audio Only,(nav) end prompt,0:00:01.31,1.317,NA,NA,
xxx,5/10/2015,23:23:47,Main Run,1A,7,Nav Hard,Audio Only,Jump to trial 7,0:00:00.00,-1.317,NA,NA,
xxx,5/10/2015,23:23:49,Main Run,1A,7,Nav Hard,Audio Only,(nav) end prompt,0:00:01.31,1.318,NA,NA,
PID, Date, Time, RunType, Scenario, Trial, Task, Mode, InputEvent, ElapsedTime, Duration, N_OptimalChoice, R_FirstTry, Notes
xxx,5/14/2015,16:30:36,Main Run,1B,9,Radio,Visual Only,Jump to trial 9,0:00:00.00,0,NA,NA,
xxx,5/14/2015,16:30:39,Main Run,1B,9,Radio,Visual Only,chime,0:00:02.43,2.434,NA,NA,
xxx,5/14/2015,16:30:40,Main Run,1B,9,Radio,Visual Only,r_command_correct,0:00:03.67,1.242,NA,NA,
xxx,5/14/2015,16:30:45,Main Run,1B,9,Radio,Visual Only,r_confirm_correct,0:00:08.82,5.153,NA,yes,
xxx,5/14/2015,16:30:45,Main Run,1B,10,Radio,Visual Only,next trial,0:00:08.85,0.031,NA,NA,
xxx,5/14/2015,16:30:48,Main Run,1B,10,Radio,Visual Only,chime,0:00:12.07,3.219,NA,NA,
xxx,5/14/2015,16:30:50,Main Run,1B,10,Radio,Visual Only,r_command_correct,0:00:13.62,1.547,NA,NA,
xxx,5/14/2015,16:30:55,Main Run,1B,10,Radio,Visual Only,r_confirm_correct,0:00:18.53,4.906,NA,yes,
xxx,5/14/2015,16:30:55,Main Run,1B,11,Radio,Visual Only,next trial,0:00:18.56,0.031,NA,NA,
xxx,5/14/2015,16:30:58,Main Run,1B,11,Radio,Visual Only,chime,0:00:21.78,3.219,NA,NA,
xxx,5/14/2015,16:30:59,Main Run,1B,11,Radio,Visual Only,r_command_correct,0:00:23.03,1.25,NA,NA,
xxx,5/14/2015,16:31:04,Main Run,1B,11,Radio,Visual Only,r_confirm_correct,0:00:28.03,5.001,NA,yes,
xxx,5/14/2015,16:31:05,Main Run,1B,12,Radio,Visual Only,next trial,0:00:28.28,0.256,NA,NA,
xxx,5/14/2015,16:31:08,Main Run,1B,12,Radio,Visual Only,chime,0:00:31.51,3.229,NA,NA,
xxx,5/14/2015,16:31:10,Main Run,1B,12,Radio,Visual Only,r_command_correct,0:00:33.44,1.922,NA,NA,
xxx,5/14/2015,16:31:15,Main Run,1B,12,Radio,Visual Only,r_confirm_correct,0:00:38.30,4.86,NA,yes,
xxx,5/14/2015,16:31:15,Main Run,1B,13,Radio,Visual Only,next trial,0:00:38.33,0.031,NA,NA,
xxx,5/14/2015,16:31:18,Main Run,1B,13,Radio,Visual Only,chime,0:00:41.56,3.235,NA,NA,
xxx,5/14/2015,16:35:44,Main Run,2B,1,TDT Short,NA,Start Run,0:00:00.00,0,NA,NA,
xxx,5/14/2015,16:35:49,Main Run,2B,1,TDT Short,NA,chime,0:00:05.02,5.027,NA,NA,
xxx,5/14/2015,16:35:51,Main Run,2B,2,Radio,Visual Only,Jump to trial 2,0:00:00.00,-5.027,NA,NA,
xxx,5/14/2015,16:35:54,Main Run,2B,2,Radio,Visual Only,chime,0:00:03.22,3.221,NA,NA,
xxx,5/14/2015,16:35:55,Main Run,2B,2,Radio,Visual Only,r_command_correct,0:00:03.99,0.774,NA,NA,
xxx,5/14/2015,16:36:00,Main Run,2B,2,Radio,Visual Only,r_confirm_correct,0:00:08.84,4.847,NA,yes,
xxx,5/14/2015,16:36:00,Main Run,2B,3,Radio,Visual Only,next trial,0:00:08.87,0.03,NA,NA,
xxx,5/14/2015,16:36:03,Main Run,2B,3,Radio,Visual Only,chime,0:00:12.09,3.222,NA,NA,
xxx,5/14/2015,16:36:04,Main Run,2B,3,Radio,Visual Only,r_command_correct,0:00:12.83,0.74,NA,NA,
xxx,5/14/2015,16:36:12,Main Run,3A,1,TDT Long,NA,change scenario,0:00:20.61,20.618,NA,NA,
xxx,5/14/2015,16:36:16,Main Run,3A,9,Radio,Visual Only,Jump to trial 9,0:00:00.00,-20.618,NA,NA,
xxx,5/14/2015,16:36:20,Main Run,3A,9,Radio,Visual Only,chime,0:00:03.22,3.221,NA,NA,
xxx,5/14/2015,16:36:21,Main Run,3A,9,Radio,Visual Only,r_command_correct,0:00:04.74,1.521,NA,NA,
xxx,5/14/2015,16:36:27,Main Run,3A,9,Radio,Visual Only,r_confirm_correct,0:00:10.04,5.303,NA,yes,
xxx,5/14/2015,16:36:27,Main Run,3A,10,Radio,Visual Only,next trial,0:00:10.07,0.028,NA,NA,
xxx,5/14/2015,16:36:30,Main Run,3A,10,Radio,Visual Only,chime,0:00:13.29,3.22,NA,NA,
xxx,5/14/2015,16:36:31,Main Run,3A,10,Radio,Visual Only,r_command_correct,0:00:14.38,1.088,NA,NA,
xxx,5/14/2015,16:36:36,Main Run,3A,10,Radio,Visual Only,r_confirm_correct,0:00:19.33,4.952,NA,yes,
xxx,5/14/2015,16:36:36,Main Run,3A,11,Radio,Visual Only,next trial,0:00:19.36,0.028,NA,NA,
xxx,5/14/2015,16:36:39,Main Run,3A,11,Radio,Visual Only,chime,0:00:22.58,3.221,NA,NA,
xxx,5/14/2015,16:36:40,Main Run,3A,11,Radio,Visual Only,r_command_correct,0:00:23.82,1.239,NA,NA,
xxx,5/14/2015,16:36:45,Main Run,3A,11,Radio,Visual Only,r_confirm_correct,0:00:28.44,4.623,NA,yes,
xxx,5/14/2015,16:36:45,Main Run,3A,12,Radio,Visual Only,next trial,0:00:28.47,0.029,NA,NA,
xxx,5/14/2015,16:36:48,Main Run,3A,12,Radio,Visual Only,chime,0:00:31.70,3.234,NA,NA,
xxx,5/14/2015,16:36:50,Main Run,3A,12,Radio,Visual Only,r_command_correct,0:00:33.45,1.746,NA,NA,
xxx,5/14/2015,16:36:55,Main Run,3A,12,Radio,Visual Only,r_confirm_correct,0:00:38.58,5.128,NA,yes,
xxx,5/14/2015,16:36:55,Main Run,3A,13,Radio,Visual Only,next trial,0:00:38.60,0.028,NA,NA,
xxx,5/14/2015,16:36:58,Main Run,3A,13,Radio,Visual Only,chime,0:00:41.83,3.222,NA,NA,
xxx,5/14/2015,16:37:01,Main Run,3A,13,Radio,Visual Only,r_command_repeat,0:00:44.89,3.062,NA,NA,
xxx,5/14/2015,16:37:04,Main Run,3A,13,Radio,Visual Only,r_command_repeat,0:00:47.58,2.688,NA,NA,
xxx,5/14/2015,16:37:05,Main Run,3A,13,Radio,Visual Only,chime,0:00:48.14,0.563,NA,NA,
xxx,5/14/2015,16:37:07,Main Run,3A,13,Radio,Visual Only,chime,0:00:50.83,2.695,NA,NA,
xxx,5/14/2015,16:37:55,Main Run,4A,1,TDT Long,NA,change scenario,0:01:38.30,98.3,NA,NA,
xxx,5/14/2015,16:37:57,Main Run,4A,2,Radio,Visual Only,Jump to trial 2,0:00:00.00,-98.3,NA,NA,
xxx,5/14/2015,16:38:00,Main Run,4A,2,Radio,Visual Only,r_command_correct,0:00:02.44,2.445,NA,NA,
xxx,5/14/2015,16:38:01,Main Run,4A,2,Radio,Visual Only,chime,0:00:03.22,0.784,NA,NA,
xxx,5/14/2015,16:38:02,Main Run,4A,2,Radio,Visual Only,r_command_correct,0:00:05.10,1.879,NA,NA,
xxx,5/14/2015,16:38:07,Main Run,4A,2,Radio,Visual Only,r_confirm_correct,0:00:09.86,4.752,NA,yes,
xxx,5/14/2015,16:38:07,Main Run,4A,3,Radio,Visual Only,next trial,0:00:09.88,0.028,NA,NA,
xxx,5/14/2015,16:38:10,Main Run,4A,3,Radio,Visual Only,chime,0:00:13.10,3.221,NA,NA,
xxx,5/14/2015,16:38:12,Main Run,4A,3,Radio,Visual Only,r_command_correct,0:00:15.07,1.967,NA,NA,
xxx,5/14/2015,16:38:17,Main Run,4A,3,Radio,Visual Only,r_confirm_correct,0:00:20.09,5.016,NA,yes,
xxx,5/14/2015,16:38:17,Main Run,4A,4,Radio,Visual Only,next trial,0:00:20.12,0.029,NA,NA,
xxx,5/14/2015,16:38:20,Main Run,4A,4,Radio,Visual Only,chime,0:00:22.35,2.237,NA,NA,
xxx,5/14/2015,16:38:21,Main Run,4A,4,Radio,Visual Only,r_command_correct,0:00:24.17,1.814,NA,NA,
xxx,5/14/2015,16:38:26,Main Run,4A,4,Radio,Visual Only,r_confirm_correct,0:00:28.57,4.408,NA,yes,
xxx,5/14/2015,16:38:26,Main Run,4A,5,Radio,Visual Only,next trial,0:00:28.60,0.029,NA,NA,
xxx,5/14/2015,16:38:29,Main Run,4A,5,Radio,Visual Only,chime,0:00:31.83,3.222,NA,NA,
xxx,5/14/2015,16:38:30,Main Run,4A,5,Radio,Visual Only,r_command_correct,0:00:33.09,1.269,NA,NA,
xxx,5/14/2015,16:38:35,Main Run,4A,5,Radio,Visual Only,r_confirm_correct,0:00:38.12,5.024,NA,yes,
xxx,5/14/2015,16:38:35,Main Run,4A,6,Radio,Visual Only,next trial,0:00:38.15,0.029,NA,NA,
xxx,5/14/2015,16:38:39,Main Run,4A,6,Radio,Visual Only,chime,0:00:41.37,3.22,NA,NA,
xxx,5/14/2015,16:38:40,Main Run,4A,6,Radio,Visual Only,r_command_correct,0:00:42.46,1.087,NA,NA,
xxx,5/14/2015,16:38:44,Main Run,4A,6,Radio,Visual Only,r_confirm_correct,0:00:46.96,4.504,NA,yes,
xxx,5/14/2015,16:38:44,Main Run,4A,7,Radio,Visual Only,next trial,0:00:46.99,0.03,NA,NA,
xxx,5/14/2015,16:38:48,Main Run,4A,7,Radio,Visual Only,chime,0:00:50.22,3.233,NA,NA,
xxx,5/14/2015,16:38:49,Main Run,4A,7,Radio,Visual Only,r_command_correct,0:00:51.49,1.272,NA,NA,
PID, Date, Time, RunType, Scenario, Trial, Task, Mode, InputEvent, ElapsedTime, Duration, N_OptimalChoice, R_FirstTry, Notes
xxx,5/17/2015,17:53:18,Main Run,1B,9,Radio,Visual Only,Jump to trial 9,0:00:00.00,0,NA,NA,
xxx,5/17/2015,17:53:20,Main Run,1B,9,Radio,Visual Only,chime,0:00:02.46,2.463,NA,NA,
xxx,5/17/2015,17:53:22,Main Run,1B,9,Radio,Visual Only,r_command_correct,0:00:04.19,1.73,NA,NA,
xxx,5/17/2015,17:56:18,Main Run,2B,1,TDT Short,NA,Start Run,0:00:00.00,0,NA,NA,
xxx,5/17/2015,17:56:23,Main Run,2B,1,TDT Short,NA,chime,0:00:05.02,5.025,NA,NA,
xxx,5/17/2015,17:56:26,Main Run,2B,2,Radio,Visual Only,Jump to trial 2,0:00:00.00,-5.025,NA,NA,
xxx,5/17/2015,17:56:29,Main Run,2B,2,Radio,Visual Only,chime,0:00:03.23,3.237,NA,NA,
xxx,5/17/2015,17:56:30,Main Run,2B,2,Radio,Visual Only,r_command_correct,0:00:04.11,0.874,NA,NA,
xxx,5/17/2015,17:56:35,Main Run,2B,2,Radio,Visual Only,r_confirm_correct,0:00:09.03,4.92,NA,yes,
xxx,5/17/2015,17:56:35,Main Run,2B,3,Radio,Visual Only,next trial,0:00:09.06,0.038,NA,NA,
xxx,5/17/2015,17:56:38,Main Run,2B,3,Radio,Visual Only,chime,0:00:12.28,3.22,NA,NA,
xxx,5/17/2015,17:56:39,Main Run,2B,3,Radio,Visual Only,r_command_correct,0:00:13.59,1.301,NA,NA,
xxx,5/17/2015,17:56:44,Main Run,2B,3,Radio,Visual Only,r_confirm_correct,0:00:18.20,4.617,NA,yes,
xxx,5/17/2015,17:56:44,Main Run,2B,4,Radio,Visual Only,next trial,0:00:18.24,0.035,NA,NA,
xxx,5/17/2015,17:56:47,Main Run,2B,4,Radio,Visual Only,chime,0:00:21.46,3.219,NA,NA,
xxx,5/17/2015,17:56:48,Main Run,2B,4,Radio,Visual Only,r_command_correct,0:00:22.68,1.225,NA,NA,
xxx,5/17/2015,17:56:53,Main Run,2B,4,Radio,Visual Only,r_confirm_correct,0:00:27.66,4.976,NA,yes,
xxx,5/17/2015,17:56:53,Main Run,2B,5,Radio,Visual Only,next trial,0:00:27.69,0.037,NA,NA,
xxx,5/17/2015,17:56:55,Main Run,2B,5,Radio,Visual Only,chime,0:00:29.93,2.232,NA,NA,
xxx,5/17/2015,17:56:57,Main Run,2B,5,Radio,Visual Only,r_command_correct,0:00:31.19,1.268,NA,NA,
xxx,5/17/2015,17:57:01,Main Run,2B,5,Radio,Visual Only,r_confirm_correct,0:00:35.68,4.487,NA,yes,
xxx,5/17/2015,17:57:01,Main Run,2B,6,Radio,Visual Only,next trial,0:00:35.72,0.038,NA,NA,
xxx,5/17/2015,17:57:04,Main Run,2B,6,Radio,Visual Only,chime,0:00:38.94,3.22,NA,NA,
xxx,5/17/2015,17:57:08,Main Run,2B,6,Radio,Visual Only,r_command_correct,0:00:42.50,3.558,NA,NA,
xxx,5/17/2015,17:57:13,Main Run,2B,6,Radio,Visual Only,r_confirm_correct,0:00:47.51,5.016,NA,yes,
xxx,5/17/2015,17:57:13,Main Run,2B,7,Radio,Visual Only,next trial,0:00:47.54,0.029,NA,NA,
xxx,5/17/2015,17:57:15,Main Run,2B,7,Radio,Visual Only,chime,0:00:49.78,2.235,NA,NA,
xxx,5/17/2015,17:57:16,Main Run,2B,7,Radio,Visual Only,r_command_correct,0:00:50.67,0.897,NA,NA,
xxx,5/17/2015,17:57:21,Main Run,2B,7,Radio,Visual Only,r_confirm_correct,0:00:55.10,4.423,NA,yes,
xxx,5/17/2015,17:57:21,Main Run,2B,8,TDT Short,NA,next trial,0:00:55.13,0.033,NA,NA,
xxx,5/17/2015,17:57:24,Main Run,3A,1,TDT Long,NA,change scenario,0:00:58.02,58.022,NA,NA,
xxx,5/17/2015,17:57:26,Main Run,3A,1,TDT Long,NA,chime,0:01:00.16,60.167,NA,NA,
xxx,5/17/2015,17:57:27,Main Run,3A,1,TDT Long,NA,Start Run,0:00:00.00,0,NA,NA,
xxx,5/17/2015,17:57:32,Main Run,3A,1,TDT Long,NA,chime,0:00:05.03,5.032,NA,NA,
xxx,5/17/2015,17:57:33,Main Run,3A,9,Radio,Visual Only,Jump to trial 9,0:00:00.00,-5.032,NA,NA,
xxx,5/17/2015,17:57:36,Main Run,3A,9,Radio,Visual Only,chime,0:00:03.22,3.228,NA,NA,
xxx,5/17/2015,17:57:37,Main Run,3A,9,Radio,Visual Only,r_command_correct,0:00:04.10,0.876,NA,NA,
xxx,5/17/2015,17:57:42,Main Run,3A,9,Radio,Visual Only,r_confirm_correct,0:00:08.72,4.616,NA,yes,
xxx,5/17/2015,17:57:42,Main Run,3A,10,Radio,Visual Only,next trial,0:00:08.75,0.03,NA,NA,
xxx,5/17/2015,17:57:45,Main Run,3A,10,Radio,Visual Only,chime,0:00:11.97,3.222,NA,NA,
xxx,5/17/2015,17:57:46,Main Run,3A,10,Radio,Visual Only,r_command_correct,0:00:13.07,1.108,NA,NA,
xxx,5/17/2015,17:57:51,Main Run,3A,10,Radio,Visual Only,r_confirm_correct,0:00:18.20,5.12,NA,yes,
xxx,5/17/2015,17:57:51,Main Run,3A,11,Radio,Visual Only,next trial,0:00:18.24,0.04,NA,NA,
xxx,5/17/2015,17:57:54,Main Run,3A,11,Radio,Visual Only,chime,0:00:20.47,2.234,NA,NA,
xxx,5/17/2015,17:57:55,Main Run,3A,11,Radio,Visual Only,r_command_correct,0:00:21.58,1.109,NA,NA,
xxx,5/17/2015,17:57:59,Main Run,3A,11,Radio,Visual Only,r_confirm_correct,0:00:26.08,4.505,NA,yes,
xxx,5/17/2015,17:57:59,Main Run,3A,12,Radio,Visual Only,next trial,0:00:26.11,0.029,NA,NA,
xxx,5/17/2015,17:58:03,Main Run,3A,12,Radio,Visual Only,chime,0:00:29.33,3.218,NA,NA,
xxx,5/17/2015,17:58:03,Main Run,3A,12,Radio,Visual Only,r_command_correct,0:00:30.22,0.888,NA,NA,
xxx,5/17/2015,17:58:08,Main Run,3A,12,Radio,Visual Only,r_confirm_correct,0:00:35.07,4.857,NA,yes,
xxx,5/17/2015,17:58:08,Main Run,3A,13,Radio,Visual Only,next trial,0:00:35.10,0.028,NA,NA,
xxx,5/17/2015,17:58:11,Main Run,3A,13,Radio,Visual Only,chime,0:00:37.33,2.223,NA,NA,
xxx,5/17/2015,18:00:01,Main Run,3A,1,TDT Long,NA,change scenario,0:00:17.54,17.548,NA,NA,
xxx,5/17/2015,18:00:05,Main Run,3A,9,Radio,Visual Only,Jump to trial 9,0:00:00.00,-17.548,NA,NA,
xxx,5/17/2015,18:00:08,Main Run,3A,9,Radio,Visual Only,r_command_correct,0:00:02.71,2.713,NA,NA,
xxx,5/17/2015,18:00:09,Main Run,3A,9,Radio,Visual Only,chime,0:00:03.22,0.516,NA,NA,
xxx,5/17/2015,18:00:10,Main Run,3A,9,Radio,Visual Only,r_command_correct,0:00:04.43,1.204,NA,NA,
xxx,5/17/2015,18:00:15,Main Run,3A,9,Radio,Visual Only,r_confirm_correct,0:00:09.52,5.095,NA,yes,
xxx,5/17/2015,18:00:15,Main Run,3A,10,Radio,Visual Only,next trial,0:00:09.55,0.03,NA,NA,
xxx,5/17/2015,18:00:18,Main Run,3A,10,Radio,Visual Only,chime,0:00:12.78,3.231,NA,NA,
xxx,5/17/2015,18:00:19,Main Run,3A,10,Radio,Visual Only,r_command_correct,0:00:14.08,1.299,NA,NA,
xxx,5/17/2015,18:00:25,Main Run,3A,10,Radio,Visual Only,r_confirm_correct,0:00:19.93,5.848,NA,yes,
xxx,5/17/2015,18:00:25,Main Run,3A,11,Radio,Visual Only,next trial,0:00:19.95,0.022,NA,NA,
xxx,5/17/2015,18:00:29,Main Run,3A,11,Radio,Visual Only,chime,0:00:23.17,3.221,NA,NA,
xxx,5/17/2015,18:00:30,Main Run,3A,11,Radio,Visual Only,r_command_correct,0:00:24.70,1.526,NA,NA,
xxx,5/17/2015,18:00:35,Main Run,3A,11,Radio,Visual Only,r_confirm_correct,0:00:29.61,4.911,NA,yes,
xxx,5/17/2015,18:00:35,Main Run,3A,12,Radio,Visual Only,next trial,0:00:29.64,0.029,NA,NA,
xxx,5/17/2015,18:00:38,Main Run,3A,12,Radio,Visual Only,chime,0:00:32.86,3.222,NA,NA,
xxx,5/17/2015,18:00:39,Main Run,3A,12,Radio,Visual Only,r_command_correct,0:00:33.72,0.853,NA,NA,
xxx,5/17/2015,18:00:44,Main Run,3A,12,Radio,Visual Only,r_confirm_correct,0:00:38.64,4.929,NA,yes,
xxx,5/17/2015,18:00:44,Main Run,3A,13,Radio,Visual Only,next trial,0:00:38.69,0.051,NA,NA,
xxx,5/17/2015,18:00:46,Main Run,3A,13,Radio,Visual Only,chime,0:00:40.94,2.247,NA,NA,
xxx,5/17/2015,18:00:47,Main Run,3A,13,Radio,Visual Only,r_command_correct,0:00:41.71,0.773,NA,NA,
PID, Date, Time, RunType, Scenario, Trial, Task, Mode, InputEvent, ElapsedTime, Duration, N_OptimalChoice, R_FirstTry, Notes
xxx,5/19/2015,22:39:23,Main Run,4A,1,TDT Long,NA,Start Run,0:00:00.00,0,NA,NA,
xxx,5/19/2015,22:39:28,Main Run,4A,1,TDT Long,NA,chime,0:00:05.01,5.018,NA,NA,
xxx,5/19/2015,22:44:39,Main Run,3A,1,TDT Long,NA,Start Run,0:00:00.00,0,NA,NA,
xxx,5/19/2015,22:44:44,Main Run,3A,1,TDT Long,NA,chime,0:00:05.01,5.016,NA,NA,
xxx,5/19/2015,23:09:38,Main Run,3B,1,TDT Short,NA,Start Run,0:00:00.00,0,NA,NA,
xxx,5/19/2015,23:09:43,Main Run,3B,1,TDT Short,NA,chime,0:00:05.00,5.003,NA,NA,
PID, Date, Time, RunType, Scenario, Trial, Task, Mode, InputEvent, ElapsedTime, Duration, N_OptimalChoice, R_FirstTry, Notes
PID, Date, Time, RunType, Scenario, Trial, Task, Cognitive, Visual, InputEvent, ElapsedTime, Duration, N_OptimalChoice, R_FirstTry, Notes
xxx,6/24/2015,17:12:33,Main Run,1A,1,TDT Long,NA,NA,Start Run,17:12:33.37,63570762753.376,NA,NA,
xxx,6/24/2015,17:12:38,Main Run,1A,1,TDT Long,NA,NA,chime,0:00:05.01,5.016,NA,NA,
xxx,6/24/2015,17:12:39,Main Run,1A,2,Nav,Easy,Easy,(phase) Listening Start,0:00:05.82,0.81,NA,NA,
xxx,6/24/2015,17:12:39,Main Run,1A,2,Nav,Easy,Easy,Jump to trial 2,0:00:00.00,-5.826,NA,NA,
xxx,6/24/2015,17:12:40,Main Run,1A,2,Nav,Easy,Easy,(phase) Listening Stop,0:00:01.12,1.124,NA,NA,
xxx,6/24/2015,17:12:40,Main Run,1A,2,Nav,Easy,Easy,(phase) Speaking Start,0:00:01.13,0.015,NA,NA,
xxx,6/24/2015,17:12:44,Main Run,1A,3,Nav,Easy,Hard,(phase) Listening Start,0:00:04.76,3.627,NA,NA,
xxx,6/24/2015,17:12:44,Main Run,1A,3,Nav,Easy,Hard,Jump to trial 3,0:00:00.00,-4.766,NA,NA,
xxx,6/24/2015,17:12:45,Main Run,1A,3,Nav,Easy,Hard,(phase) Listening Stop,0:00:01.11,1.116,NA,NA,
xxx,6/24/2015,17:12:45,Main Run,1A,3,Nav,Easy,Hard,(phase) Speaking Start,0:00:01.12,0.013,NA,NA,
xxx,6/24/2015,17:12:48,Main Run,1A,4,Nav,Easy,Hard,(phase) Listening Start,0:00:04.79,3.661,NA,NA,
xxx,6/24/2015,17:12:48,Main Run,1A,4,Nav,Easy,Hard,Jump to trial 4,0:00:00.00,-4.79,NA,NA,
xxx,6/24/2015,17:12:50,Main Run,1A,4,Nav,Easy,Hard,(phase) Listening Stop,0:00:01.12,1.125,NA,NA,
xxx,6/24/2015,17:12:50,Main Run,1A,4,Nav,Easy,Hard,(phase) Speaking Start,0:00:01.13,0.012,NA,NA,
xxx,6/24/2015,17:12:54,Main Run,1A,5,Nav,Easy,Easy,(phase) Listening Start,0:00:05.50,4.364,NA,NA,
xxx,6/24/2015,17:12:54,Main Run,1A,5,Nav,Easy,Easy,Jump to trial 5,0:00:00.00,-5.5,NA,NA,
xxx,6/24/2015,17:12:55,Main Run,1A,5,Nav,Easy,Easy,(phase) Listening Stop,0:00:01.11,1.116,NA,NA,
xxx,6/24/2015,17:12:55,Main Run,1A,5,Nav,Easy,Easy,(phase) Speaking Start,0:00:01.13,0.014,NA,NA,
xxx,6/24/2015,17:13:01,Main Run,1A,7,Nav,Easy,Hard,(phase) Listening Start,0:00:07.41,6.284,NA,NA,
xxx,6/24/2015,17:13:01,Main Run,1A,7,Nav,Easy,Hard,Jump to trial 7,0:00:00.00,-7.415,NA,NA,
xxx,6/24/2015,17:13:02,Main Run,1A,7,Nav,Easy,Hard,(phase) Listening Stop,0:00:01.12,1.122,NA,NA,
xxx,6/24/2015,17:13:03,Main Run,1A,7,Nav,Easy,Hard,(phase) Speaking Start,0:00:01.13,0.013,NA,NA,
xxx,6/24/2015,17:13:07,Main Run,1A,9,Nav,Hard,Easy,(phase) Listening Start,0:00:05.21,4.079,NA,NA,
xxx,6/24/2015,17:13:07,Main Run,1A,9,Nav,Hard,Easy,Jump to trial 9,0:00:00.00,-5.214,NA,NA,
xxx,6/24/2015,17:13:08,Main Run,1A,9,Nav,Hard,Easy,(phase) Listening Stop,0:00:01.11,1.117,NA,NA,
xxx,6/24/2015,17:13:08,Main Run,1A,9,Nav,Hard,Easy,(phase) Speaking Start,0:00:01.13,0.014,NA,NA,
xxx,6/24/2015,17:18:46,Main Run,1B,1,TDT Short,NA,NA,Start Run,17:18:46.07,63570763126.079,NA,NA,
xxx,6/24/2015,17:18:51,Main Run,1B,1,TDT Short,NA,NA,chime,0:00:05.01,5.02,NA,NA,
xxx,6/24/2015,17:18:53,Main Run,1B,2,Nav,Hard,Hard,(phase) Listening Start,0:00:06.89,1.874,NA,NA,
xxx,6/24/2015,17:18:53,Main Run,1B,2,Nav,Hard,Hard,Jump to trial 2,0:00:00.00,-6.894,NA,NA,
xxx,6/24/2015,17:18:54,Main Run,1B,2,Nav,Hard,Hard,(phase) Listening Stop,0:00:01.11,1.119,NA,NA,
xxx,6/24/2015,17:18:54,Main Run,1B,2,Nav,Hard,Hard,(phase) Speaking Start,0:00:01.13,0.014,NA,NA,
xxx,6/24/2015,17:19:02,Main Run,1B,3,Nav,Easy,Easy,(phase) Listening Start,0:00:09.27,8.142,NA,NA,
xxx,6/24/2015,17:19:02,Main Run,1B,3,Nav,Easy,Easy,Jump to trial 3,0:00:00.00,-9.275,NA,NA,
xxx,6/24/2015,17:19:03,Main Run,1B,3,Nav,Easy,Easy,(phase) Listening Stop,0:00:01.11,1.118,NA,NA,
xxx,6/24/2015,17:19:03,Main Run,1B,3,Nav,Easy,Easy,(phase) Speaking Start,0:00:01.13,0.014,NA,NA,
xxx,6/24/2015,17:25:55,Main Run,1A,1,TDT Long,NA,NA,Start Run,17:25:55.36,63570763555.366,NA,NA,
xxx,6/24/2015,17:25:59,Main Run,1B,1,TDT Short,NA,NA,change scenario,0:00:04.17,4.18,NA,NA,
xxx,6/24/2015,17:26:00,Main Run,1B,1,TDT Short,NA,NA,chime,0:00:05.01,5.017,NA,NA,
xxx,6/24/2015,17:26:00,Main Run,1B,1,TDT Short,NA,NA,Start Run,0:00:05.42,5.429,NA,NA,
xxx,6/24/2015,17:26:04,Main Run,1B,5,Nav,Easy,Easy,(phase) Listening Start,0:00:03.25,-2.179,NA,NA,
xxx,6/24/2015,17:26:04,Main Run,1B,5,Nav,Easy,Easy,Jump to trial 5,0:00:00.00,-3.25,NA,NA,
xxx,6/24/2015,17:26:05,Main Run,1B,5,Nav,Easy,Easy,(phase) Listening Stop,0:00:01.32,1.325,NA,NA,
xxx,6/24/2015,17:26:05,Main Run,1B,5,Nav,Easy,Easy,(phase) Speaking Start,0:00:01.34,0.019,NA,NA,
xxx,6/24/2015,17:26:06,Main Run,1B,5,Nav,Easy,Easy,chime,0:00:01.72,0.385,NA,NA,
xxx,6/24/2015,17:26:09,Main Run,1B,5,Nav,Easy,Easy,(phase) Speaking Stop,0:00:05.33,3.604,NA,NA,
xxx,6/24/2015,17:26:09,Main Run,1B,5,Nav,Easy,Easy,(btn) command correct perfect,0:00:05.34,0.014,NA,NA,
xxx,6/24/2015,17:26:09,Main Run,1B,5,Nav,Easy,Easy,(phase) Reading Start,0:00:05.37,0.031,NA,NA,
xxx,6/24/2015,17:26:13,Main Run,1B,5,Nav,Easy,Easy,(phase) Reading Stop,0:00:09.44,4.066,NA,NA,
xxx,6/24/2015,17:26:13,Main Run,1B,5,Nav,Easy,Easy,(btn) line 2,0:00:09.45,0.011,no,NA,
xxx,6/24/2015,17:26:13,Main Run,1B,5,Nav,Easy,Easy,show confirmation,0:00:09.47,0.021,NA,NA,
xxx,6/24/2015,17:26:18,Main Run,1B,6,Nav,Hard,Easy,(phase) Listening Start,0:00:14.49,5.016,NA,NA,
xxx,6/24/2015,17:26:18,Main Run,1B,6,Nav,Hard,Easy,start trial 6,0:00:14.52,0.032,NA,NA,
xxx,6/24/2015,17:26:20,Main Run,1B,6,Nav,Hard,Easy,(phase) Listening Stop,0:00:15.63,1.112,NA,NA,
xxx,6/24/2015,17:26:20,Main Run,1B,6,Nav,Hard,Easy,(phase) Speaking Start,0:00:15.64,0.013,NA,NA,
xxx,6/24/2015,17:26:28,Main Run,1B,2,Nav,Hard,Hard,(phase) Listening Start,0:00:24.36,8.715,NA,NA,
xxx,6/24/2015,17:26:28,Main Run,1B,2,Nav,Hard,Hard,Jump to trial 2,0:00:00.00,-24.364,NA,NA,
xxx,6/24/2015,17:26:29,Main Run,1B,2,Nav,Hard,Hard,(phase) Listening Stop,0:00:01.11,1.115,NA,NA,
xxx,6/24/2015,17:26:29,Main Run,1B,2,Nav,Hard,Hard,(phase) Speaking Start,0:00:01.12,0.014,NA,NA,
xxx,6/24/2015,17:43:53,Main Run,1A,1,TDT Long,NA,NA,Start Run,17:43:53.49,63570764633.493,NA,NA,
xxx,6/24/2015,17:44:14,Main Run,1A,4,Nav,Hard,Easy,(phase) Listening Start,17:44:14.81,63570764654.814,NA,NA,
xxx,6/24/2015,17:44:14,Main Run,1A,4,Nav,Hard,Easy,Jump to trial 4,0:00:00.00,-63570764654.814,NA,NA,
xxx,6/24/2015,17:44:16,Main Run,1A,4,Nav,Hard,Easy,(phase) Listening Stop,0:00:01.31,1.319,NA,NA,
xxx,6/24/2015,17:44:16,Main Run,1A,4,Nav,Hard,Easy,(phase) Speaking Start,0:00:01.33,0.017,NA,NA,
xxx,6/24/2015,17:45:10,Main Run,1B,1,TDT Short,NA,NA,change scenario,17:45:10.93,63570764710.932,NA,NA,
xxx,6/24/2015,17:45:22,Main Run,1A,1,TDT Long,NA,NA,change scenario,17:45:22.84,63570764722.843,NA,NA,
xxx,6/24/2015,17:45:31,Main Run,1B,1,TDT Short,NA,NA,change scenario,17:45:31.85,63570764731.86,NA,NA,
xxx,6/24/2015,17:45:39,Main Run,1A,1,TDT Long,NA,NA,change scenario,17:45:39.99,63570764739.996,NA,NA,
xxx,6/24/2015,17:46:06,Main Run,1A,2,Nav,Hard,Hard,(phase) Listening Start,17:46:06.96,63570764766.966,NA,NA,
xxx,6/24/2015,17:46:07,Main Run,1A,2,Nav,Hard,Hard,Jump to trial 2,0:00:00.00,-63570764766.966,NA,NA,
xxx,6/24/2015,17:46:08,Main Run,1A,2,Nav,Hard,Hard,(phase) Listening Stop,0:00:01.31,1.32,NA,NA,
xxx,6/24/2015,17:46:08,Main Run,1A,2,Nav,Hard,Hard,(phase) Speaking Start,0:00:01.33,0.015,NA,NA,
xxx,6/24/2015,17:46:13,Main Run,1A,10,Nav,Easy,Easy,(phase) Listening Start,0:00:06.50,5.167,NA,NA,
xxx,6/24/2015,17:46:13,Main Run,1A,10,Nav,Easy,Easy,Jump to trial 10,0:00:00.00,-6.501,NA,NA,
xxx,6/24/2015,17:46:15,Main Run,1A,10,Nav,Easy,Easy,(phase) Listening Stop,0:00:01.31,1.318,NA,NA,
xxx,6/24/2015,17:46:15,Main Run,1A,10,Nav,Easy,Easy,(phase) Speaking Start,0:00:01.33,0.015,NA,NA,
xxx,6/24/2015,17:46:36,Main Run,1A,1,TDT Long,NA,NA,change scenario,0:00:05.83,5.835,NA,NA,
xxx,6/24/2015,17:46:38,Main Run,1A,1,TDT Long,NA,NA,Start Run,0:00:07.46,7.468,NA,NA,
xxx,6/24/2015,17:46:43,Main Run,1B,1,TDT Short,NA,NA,change scenario,0:00:04.71,4.715,NA,NA,
xxx,6/24/2015,17:46:43,Main Run,1B,1,TDT Short,NA,NA,chime,0:00:05.01,5.013,NA,NA,
xxx,6/24/2015,17:46:45,Main Run,1B,1,TDT Short,NA,NA,Start Run,0:00:07.65,7.651,NA,NA,
xxx,6/24/2015,17:46:50,Main Run,1B,1,TDT Short,NA,NA,chime,0:00:05.01,5.011,NA,NA,
xxx,6/24/2015,17:46:52,Main Run,1B,4,Nav,Easy,Hard,(phase) Listening Start,0:00:06.76,1.754,NA,NA,
xxx,6/24/2015,17:46:52,Main Run,1B,4,Nav,Easy,Hard,Jump to trial 4,0:00:00.00,-6.765,NA,NA,
xxx,6/24/2015,17:46:53,Main Run,1B,4,Nav,Easy,Hard,(phase) Listening Stop,0:00:01.11,1.117,NA,NA,
xxx,6/24/2015,17:46:53,Main Run,1B,4,Nav,Easy,Hard,(phase) Speaking Start,0:00:01.13,0.017,NA,NA,
xxx,6/24/2015,17:46:56,Main Run,1B,4,Nav,Easy,Hard,(phase) Speaking Stop,0:00:03.67,2.546,NA,NA,
xxx,6/24/2015,17:46:56,Main Run,1B,4,Nav,Easy,Hard,(btn) command correct perfect,0:00:03.69,0.017,NA,NA,
xxx,6/24/2015,17:46:56,Main Run,1B,4,Nav,Easy,Hard,(phase) Reading Start,0:00:03.72,0.033,NA,NA,
xxx,6/24/2015,17:47:05,Main Run,1B,4,Nav,Easy,Hard,(phase) Reading Stop,0:00:12.58,8.853,NA,NA,
xxx,6/24/2015,17:47:05,Main Run,1B,4,Nav,Easy,Hard,(btn) line 5,0:00:12.60,0.018,yes,NA,
xxx,6/24/2015,17:47:05,Main Run,1B,4,Nav,Easy,Hard,show confirmation,0:00:12.62,0.023,NA,NA,
xxx,6/24/2015,17:47:10,Main Run,1B,5,Nav,Hard,Hard,(phase) Listening Start,0:00:17.64,5.019,NA,NA,
xxx,6/24/2015,17:47:10,Main Run,1B,5,Nav,Hard,Hard,start trial 5,0:00:17.68,0.038,NA,NA,
xxx,6/24/2015,17:47:11,Main Run,1B,5,Nav,Hard,Hard,(phase) Listening Stop,0:00:18.79,1.117,NA,NA,
xxx,6/24/2015,17:47:11,Main Run,1B,5,Nav,Hard,Hard,(phase) Speaking Start,0:00:18.81,0.019,NA,NA,
PID, Date, Time, RunType, Scenario, Trial, Task, Cognitive, Visual, InputEvent, ElapsedTime, Duration, N_OptimalChoice, R_FirstTry, Notes
xxx,6/30/2015,15:56:27,Main Run,1A,1,TDT Long,NA,NA,Start Run,15:56:27.62,63571276587.625,NA,NA,
xxx,6/30/2015,15:56:32,Main Run,1A,1,TDT Long,NA,NA,chime,0:00:05.01,5.019,NA,NA,
xxx,6/30/2015,15:56:34,Main Run,1A,2,Nav,Hard,Easy,(phase) Listening Start,0:00:06.52,1.502,NA,NA,
xxx,6/30/2015,15:56:34,Main Run,1A,2,Nav,Hard,Easy,Jump to trial 2,0:00:00.00,-6.521,NA,NA,
xxx,6/30/2015,15:56:35,Main Run,1A,2,Nav,Hard,Easy,(phase) Listening Stop,0:00:01.13,1.135,NA,NA,
xxx,6/30/2015,15:56:35,Main Run,1A,2,Nav,Hard,Easy,(phase) Speaking Start,0:00:01.14,0.012,NA,NA,
xxx,6/30/2015,15:59:32,Main Run,1A,3,Nav,Hard,Easy,(phase) Listening Start,0:02:58.50,177.36,NA,NA,
xxx,6/30/2015,15:59:33,Main Run,1A,3,Nav,Hard,Easy,(phase) Listening Stop,0:02:59.65,1.147,NA,NA,
xxx,6/30/2015,15:59:33,Main Run,1A,3,Nav,Hard,Easy,(phase) Speaking Start,0:02:59.66,0.01,NA,NA,
xxx,6/30/2015,16:00:23,Main Run,1A,3,Nav,Hard,Easy,(phase) Speaking Stop,0:03:49.19,49.529,NA,NA,
xxx,6/30/2015,16:00:23,Main Run,1A,3,Nav,Hard,Easy,(btn) command incorrect,0:03:49.21,0.018,NA,NA,
xxx,6/30/2015,16:00:28,Main Run,1A,4,Nav,Hard,Easy,(phase) Listening Start,0:03:54.22,5.015,NA,NA,
xxx,6/30/2015,16:00:29,Main Run,1A,4,Nav,Hard,Easy,(phase) Listening Stop,0:03:55.36,1.141,NA,NA,
xxx,6/30/2015,16:00:29,Main Run,1A,4,Nav,Hard,Easy,(phase) Speaking Start,0:03:55.37,0.011,NA,NA,
xxx,6/30/2015,16:02:12,Main Run,1A,4,Nav,Hard,Easy,(phase) Speaking Stop,0:05:38.24,102.869,NA,NA,
xxx,6/30/2015,16:02:12,Main Run,1A,4,Nav,Hard,Easy,(btn) command incorrect,0:05:38.26,0.017,NA,NA,
xxx,6/30/2015,16:02:17,Main Run,1A,5,Nav,Easy,Easy,(phase) Listening Start,0:05:43.29,5.026,NA,NA,
xxx,6/30/2015,16:02:18,Main Run,1A,5,Nav,Easy,Easy,(phase) Listening Stop,0:05:44.43,1.141,NA,NA,
xxx,6/30/2015,16:02:18,Main Run,1A,5,Nav,Easy,Easy,(phase) Speaking Start,0:05:44.44,0.011,NA,NA,
xxx,6/30/2015,16:02:23,Main Run,1A,5,Nav,Easy,Easy,(phase) Speaking Stop,0:05:49.15,4.71,NA,NA,
xxx,6/30/2015,16:02:23,Main Run,1A,5,Nav,Easy,Easy,(btn) command incorrect,0:05:49.16,0.016,NA,NA,
xxx,6/30/2015,16:02:28,Main Run,1A,6,Nav,Easy,Easy,(phase) Listening Start,0:05:54.18,5.015,NA,NA,
xxx,6/30/2015,16:02:29,Main Run,1A,6,Nav,Easy,Easy,(phase) Listening Stop,0:05:55.32,1.14,NA,NA,
xxx,6/30/2015,16:02:29,Main Run,1A,6,Nav,Easy,Easy,(phase) Speaking Start,0:05:55.33,0.01,NA,NA,
xxx,6/30/2015,16:03:48,Main Run,1A,6,Nav,Easy,Easy,(phase) Speaking Stop,0:07:13.96,78.629,NA,NA,
xxx,6/30/2015,16:03:48,Main Run,1A,6,Nav,Easy,Easy,(btn) command incorrect,0:07:13.97,0.018,NA,NA,
xxx,6/30/2015,16:03:53,Main Run,1A,7,Nav,Hard,Hard,(phase) Listening Start,0:07:18.99,5.014,NA,NA,
xxx,6/30/2015,16:03:54,Main Run,1A,7,Nav,Hard,Hard,(phase) Listening Stop,0:07:20.14,1.156,NA,NA,
xxx,6/30/2015,16:03:54,Main Run,1A,7,Nav,Hard,Hard,(phase) Speaking Start,0:07:20.15,0.01,NA,NA,
xxx,6/30/2015,16:05:11,Main Run,1A,7,Nav,Hard,Hard,(phase) Speaking Stop,0:08:37.27,77.117,NA,NA,
xxx,6/30/2015,16:05:11,Main Run,1A,7,Nav,Hard,Hard,(btn) command incorrect,0:08:37.29,0.019,NA,NA,
xxx,6/30/2015,16:05:21,Main Run,1A,8,TDT Short,NA,NA,chime,0:08:47.35,10.062,NA,NA,
xxx,6/30/2015,16:05:48,Main Run,1A,9,Nav,Easy,Hard,(phase) Listening Start,0:09:14.70,27.348,NA,NA,
xxx,6/30/2015,16:05:48,Main Run,1A,9,Nav,Easy,Hard,Jump to trial 9,0:00:00.00,-554.705,NA,NA,
xxx,6/30/2015,16:05:50,Main Run,1A,9,Nav,Easy,Hard,(phase) Listening Stop,0:00:01.11,1.115,NA,NA,
xxx,6/30/2015,16:05:50,Main Run,1A,9,Nav,Easy,Hard,(phase) Speaking Start,0:00:01.12,0.011,NA,NA,
xxx,6/30/2015,16:05:58,Main Run,1A,9,Nav,Easy,Hard,(phase) Speaking Stop,0:00:09.13,8.01,NA,NA,
xxx,6/30/2015,16:05:58,Main Run,1A,9,Nav,Easy,Hard,(btn) command incorrect,0:00:09.15,0.019,NA,NA,
xxx,6/30/2015,16:06:03,Main Run,1A,10,Nav,Easy,Hard,(phase) Listening Start,0:00:14.17,5.015,NA,NA,
xxx,6/30/2015,16:06:04,Main Run,1A,10,Nav,Easy,Hard,(phase) Listening Stop,0:00:15.30,1.138,NA,NA,
xxx,6/30/2015,16:06:04,Main Run,1A,10,Nav,Easy,Hard,(phase) Speaking Start,0:00:15.31,0.011,NA,NA,
xxx,6/30/2015,16:06:08,Main Run,1A,10,Nav,Easy,Hard,(phase) Speaking Stop,0:00:19.15,3.834,NA,NA,
xxx,6/30/2015,16:06:08,Main Run,1A,10,Nav,Easy,Hard,(btn) command incorrect,0:00:19.17,0.017,NA,NA,
xxx,6/30/2015,16:06:13,Main Run,1A,11,Nav,Easy,Hard,(phase) Listening Start,0:00:24.18,5.015,NA,NA,
xxx,6/30/2015,16:06:14,Main Run,1A,11,Nav,Easy,Hard,(phase) Listening Stop,0:00:25.32,1.14,NA,NA,
xxx,6/30/2015,16:06:14,Main Run,1A,11,Nav,Easy,Hard,(phase) Speaking Start,0:00:25.33,0.013,NA,NA,
xxx,6/30/2015,16:06:21,Main Run,1A,12,Nav,Hard,Hard,(phase) Listening Start,0:00:32.64,7.302,NA,NA,
xxx,6/30/2015,16:06:22,Main Run,1A,12,Nav,Hard,Hard,(phase) Listening Stop,0:00:33.77,1.137,NA,NA,
xxx,6/30/2015,16:06:22,Main Run,1A,12,Nav,Hard,Hard,(phase) Speaking Start,0:00:33.78,0.012,NA,NA,
xxx,6/30/2015,16:06:34,Main Run,1A,12,Nav,Hard,Hard,(phase) Speaking Stop,0:00:45.06,11.276,NA,NA,
xxx,6/30/2015,16:06:34,Main Run,1A,12,Nav,Hard,Hard,(btn) command incorrect,0:00:45.08,0.017,NA,NA,
xxx,6/30/2015,16:06:39,Main Run,1A,13,Nav,Hard,Hard,(phase) Listening Start,0:00:50.10,5.026,NA,NA,
xxx,6/30/2015,16:06:40,Main Run,1A,13,Nav,Hard,Hard,(phase) Listening Stop,0:00:51.25,1.141,NA,NA,
xxx,6/30/2015,16:06:40,Main Run,1A,13,Nav,Hard,Hard,(phase) Speaking Start,0:00:51.26,0.013,NA,NA,
xxx,6/30/2015,16:09:10,Main Run,1A,13,Nav,Hard,Hard,(phase) Speaking Stop,0:03:21.90,150.642,NA,NA,
xxx,6/30/2015,16:09:10,Main Run,1A,13,Nav,Hard,Hard,(btn) command incorrect,0:03:21.92,0.02,NA,NA,
xxx,6/30/2015,16:09:15,Main Run,1A,14,Nav,Easy,Easy,(phase) Listening Start,0:03:26.93,5.014,NA,NA,
xxx,6/30/2015,16:09:17,Main Run,1A,14,Nav,Easy,Easy,(phase) Listening Stop,0:03:28.08,1.151,NA,NA,
xxx,6/30/2015,16:09:17,Main Run,1A,14,Nav,Easy,Easy,(phase) Speaking Start,0:03:28.10,0.012,NA,NA,
xxx,6/30/2015,16:09:27,Main Run,1A,14,Nav,Easy,Easy,(phase) Speaking Stop,0:03:38.48,10.387,NA,NA,
xxx,6/30/2015,16:09:27,Main Run,1A,14,Nav,Easy,Easy,(btn) command incorrect,0:03:38.50,0.019,NA,NA,
xxx,6/30/2015,16:09:37,Main Run,1A,15,TDT Short,NA,NA,chime,0:03:48.56,10.056,NA,NA,
xxx,6/30/2015,16:10:37,Main Run,1A,16,TDT Short,NA,NA,End Run,0:04:48.57,60.014,NA,NA,
xxx,6/30/2015,16:37:02,Main Run,1A,1,TDT Long,NA,NA,Start Run,16:37:02.47,63571279022.477,NA,NA,
xxx,6/30/2015,16:37:07,Main Run,1A,1,TDT Long,NA,NA,chime,0:00:05.01,5.019,NA,NA,
xxx,6/30/2015,16:39:40,Main Run,1A,1,Nav,Easy,Easy,Start Run,16:39:40.10,63571279180.102,NA,NA,
xxx,6/30/2015,16:39:40,Main Run,1A,1,Nav,Easy,Easy,(phase) Listening Start,16:39:40.11,63571279180.12,NA,NA,
xxx,6/30/2015,16:39:41,Main Run,1A,1,Nav,Easy,Easy,(phase) Listening Stop,0:00:01.32,1.323,NA,NA,
xxx,6/30/2015,16:39:41,Main Run,1A,1,Nav,Easy,Easy,(phase) Speaking Start,0:00:01.33,1.337,NA,NA,
xxx,6/30/2015,16:39:45,Main Run,1A,1,Nav,Easy,Easy,(phase) Speaking Stop,0:00:05.50,5.505,NA,NA,
xxx,6/30/2015,16:39:45,Main Run,1A,1,Nav,Easy,Easy,(btn) command incorrect,0:00:05.73,5.739,NA,NA,
xxx,6/30/2015,16:39:50,Main Run,1A,2,Nav,Easy,Easy,(phase) Listening Start,0:00:10.76,5.027,NA,NA,
xxx,6/30/2015,16:39:52,Main Run,1A,2,Nav,Easy,Easy,(phase) Listening Stop,0:00:11.91,1.145,NA,NA,
xxx,6/30/2015,16:39:52,Main Run,1A,2,Nav,Easy,Easy,(phase) Speaking Start,0:00:11.92,0.012,NA,NA,
xxx,6/30/2015,16:40:00,Main Run,1A,2,Nav,Easy,Easy,(phase) Speaking Stop,0:00:20.18,8.261,NA,NA,
xxx,6/30/2015,16:40:00,Main Run,1A,2,Nav,Easy,Easy,(btn) command incorrect,0:00:20.20,0.022,NA,NA,
xxx,6/30/2015,16:40:05,Main Run,1A,3,Nav,Easy,Easy,(phase) Listening Start,0:00:25.22,5.02,NA,NA,
xxx,6/30/2015,16:40:06,Main Run,1A,3,Nav,Easy,Easy,(phase) Listening Stop,0:00:26.38,1.155,NA,NA,
xxx,6/30/2015,16:40:06,Main Run,1A,3,Nav,Easy,Easy,(phase) Speaking Start,0:00:26.39,0.014,NA,NA,
xxx,6/30/2015,16:40:11,Main Run,1A,3,Nav,Easy,Easy,(phase) Speaking Stop,0:00:31.16,4.773,NA,NA,
xxx,6/30/2015,16:40:11,Main Run,1A,3,Nav,Easy,Easy,(btn) command incorrect,0:00:31.19,0.022,NA,NA,
xxx,6/30/2015,16:40:16,Main Run,1A,4,Nav,Easy,Hard,(phase) Listening Start,0:00:36.21,5.022,NA,NA,
xxx,6/30/2015,16:40:17,Main Run,1A,4,Nav,Easy,Hard,(phase) Listening Stop,0:00:37.36,1.154,NA,NA,
xxx,6/30/2015,16:40:17,Main Run,1A,4,Nav,Easy,Hard,(phase) Speaking Start,0:00:37.38,0.018,NA,NA,
xxx,6/30/2015,16:40:21,Main Run,1A,4,Nav,Easy,Hard,(phase) Speaking Stop,0:00:41.51,4.128,NA,NA,
xxx,6/30/2015,16:40:21,Main Run,1A,4,Nav,Easy,Hard,(btn) command incorrect,0:00:41.53,0.023,NA,NA,
xxx,6/30/2015,16:40:26,Main Run,1A,5,Nav,Easy,Hard,(phase) Listening Start,0:00:46.55,5.019,NA,NA,
xxx,6/30/2015,16:40:27,Main Run,1A,5,Nav,Easy,Hard,(phase) Listening Stop,0:00:47.71,1.157,NA,NA,
xxx,6/30/2015,16:40:27,Main Run,1A,5,Nav,Easy,Hard,(phase) Speaking Start,0:00:47.72,0.018,NA,NA,
xxx,6/30/2015,16:40:32,Main Run,1A,5,Nav,Easy,Hard,(phase) Speaking Stop,0:00:52.06,4.335,NA,NA,
xxx,6/30/2015,16:40:32,Main Run,1A,5,Nav,Easy,Hard,(btn) command incorrect,0:00:52.08,0.025,NA,NA,
xxx,6/30/2015,16:40:37,Main Run,1A,6,Nav,Easy,Hard,(phase) Listening Start,0:00:57.11,5.026,NA,NA,
xxx,6/30/2015,16:40:38,Main Run,1A,6,Nav,Easy,Hard,(phase) Listening Stop,0:00:58.27,1.157,NA,NA,
xxx,6/30/2015,16:40:38,Main Run,1A,6,Nav,Easy,Hard,(phase) Speaking Start,0:00:58.29,0.018,NA,NA,
xxx,6/30/2015,16:40:41,Main Run,1A,6,Nav,Easy,Hard,(phase) Speaking Stop,0:01:01.71,3.422,NA,NA,
xxx,6/30/2015,16:40:41,Main Run,1A,6,Nav,Easy,Hard,(btn) command incorrect,0:01:01.73,0.027,NA,NA,
xxx,6/30/2015,16:40:46,Main Run,1A,7,Nav,Hard,Easy,(phase) Listening Start,0:01:06.75,5.019,NA,NA,
xxx,6/30/2015,16:40:48,Main Run,1A,7,Nav,Hard,Easy,(phase) Listening Stop,0:01:07.91,1.155,NA,NA,
xxx,6/30/2015,16:40:48,Main Run,1A,7,Nav,Hard,Easy,(phase) Speaking Start,0:01:07.93,0.023,NA,NA,
xxx,6/30/2015,16:41:52,Main Run,1A,1,TDT Long,NA,NA,Start Run,16:41:52.80,63571279312.805,NA,NA,
xxx,6/30/2015,16:41:57,Main Run,1A,1,TDT Long,NA,NA,chime,0:00:05.01,5.018,NA,NA,
xxx,6/30/2015,16:42:00,Main Run,1A,7,Nav,Easy,Hard,(phase) Listening Start,0:00:07.74,2.725,NA,NA,
xxx,6/30/2015,16:42:00,Main Run,1A,7,Nav,Easy,Hard,Jump to trial 7,0:00:00.00,-7.743,NA,NA,
xxx,6/30/2015,16:42:01,Main Run,1A,7,Nav,Easy,Hard,(phase) Listening Stop,0:00:01.11,1.12,NA,NA,
xxx,6/30/2015,16:42:01,Main Run,1A,7,Nav,Easy,Hard,(phase) Speaking Start,0:00:01.13,0.018,NA,NA,
xxx,6/30/2015,16:42:07,Main Run,1A,7,Nav,Easy,Hard,(phase) Speaking Stop,0:00:06.63,5.497,NA,NA,
xxx,6/30/2015,16:42:07,Main Run,1A,7,Nav,Easy,Hard,(btn) command incorrect,0:00:06.65,0.025,NA,NA,
xxx,6/30/2015,16:42:17,Main Run,1A,8,TDT Short,NA,NA,chime,0:00:16.72,10.065,NA,NA,
xxx,6/30/2015,16:42:20,Main Run,1A,9,Nav,Hard,Easy,(phase) Listening Start,0:00:20.06,3.341,NA,NA,
xxx,6/30/2015,16:42:20,Main Run,1A,9,Nav,Hard,Easy,Jump to trial 9,0:00:00.00,-20.066,NA,NA,
xxx,6/30/2015,16:42:21,Main Run,1A,9,Nav,Hard,Easy,(phase) Listening Stop,0:00:01.12,1.124,NA,NA,
xxx,6/30/2015,16:42:21,Main Run,1A,9,Nav,Hard,Easy,(phase) Speaking Start,0:00:01.14,0.019,NA,NA,
xxx,6/30/2015,16:42:32,Main Run,1A,9,Nav,Hard,Easy,(phase) Speaking Stop,0:00:11.54,10.404,NA,NA,
xxx,6/30/2015,16:42:32,Main Run,1A,9,Nav,Hard,Easy,(btn) command incorrect,0:00:11.57,0.026,NA,NA,
xxx,6/30/2015,16:42:37,Main Run,1A,10,Nav,Hard,Easy,(phase) Listening Start,0:00:16.59,5.019,NA,NA,
xxx,6/30/2015,16:42:38,Main Run,1A,10,Nav,Hard,Easy,(phase) Listening Stop,0:00:17.74,1.149,NA,NA,
xxx,6/30/2015,16:42:38,Main Run,1A,10,Nav,Hard,Easy,(phase) Speaking Start,0:00:17.75,0.019,NA,NA,
xxx,6/30/2015,16:43:11,Main Run,1A,10,Nav,Hard,Easy,(phase) Speaking Stop,0:00:50.63,32.875,NA,NA,
xxx,6/30/2015,16:43:11,Main Run,1A,10,Nav,Hard,Easy,(btn) command incorrect,0:00:50.66,0.026,NA,NA,
xxx,6/30/2015,16:43:16,Main Run,1A,11,Nav,Hard,Easy,(phase) Listening Start,0:00:55.68,5.022,NA,NA,
xxx,6/30/2015,16:43:17,Main Run,1A,12,Nav,Hard,Hard,(phase) Listening Start,0:00:56.65,0.968,NA,NA,
xxx,6/30/2015,16:43:17,Main Run,1A,12,Nav,Hard,Hard,(phase) Listening Stop,0:00:56.83,0.184,NA,NA,
xxx,6/30/2015,16:43:17,Main Run,1A,12,Nav,Hard,Hard,(phase) Speaking Start,0:00:56.85,0.019,NA,NA,
xxx,6/30/2015,16:43:18,Main Run,1A,12,Nav,Hard,Hard,(phase) Listening Stop,0:00:57.80,0.955,NA,NA,
xxx,6/30/2015,16:43:18,Main Run,1A,12,Nav,Hard,Hard,(phase) Speaking Start,0:00:57.83,0.021,NA,NA,
xxx,6/30/2015,16:43:36,Main Run,1A,11,Nav,Hard,Easy,(phase) Listening Start,0:01:15.86,18.037,NA,NA,
xxx,6/30/2015,16:43:36,Main Run,1A,11,Nav,Hard,Easy,Jump to trial 11,0:00:00.00,-75.867,NA,NA,
xxx,6/30/2015,16:43:37,Main Run,1A,11,Nav,Hard,Easy,(phase) Listening Stop,0:00:01.11,1.116,NA,NA,
xxx,6/30/2015,16:43:37,Main Run,1A,11,Nav,Hard,Easy,(phase) Speaking Start,0:00:01.13,0.02,NA,NA,
xxx,6/30/2015,16:43:49,Main Run,1A,13,Nav,Hard,Hard,(phase) Listening Start,0:00:13.10,11.972,NA,NA,
xxx,6/30/2015,16:43:49,Main Run,1A,13,Nav,Hard,Hard,Jump to trial 13,0:00:00.00,-13.108,NA,NA,
xxx,6/30/2015,16:43:50,Main Run,1A,13,Nav,Hard,Hard,(phase) Listening Stop,0:00:01.11,1.116,NA,NA,
xxx,6/30/2015,16:43:50,Main Run,1A,13,Nav,Hard,Hard,(phase) Speaking Start,0:00:01.13,0.02,NA,NA,
xxx,6/30/2015,16:44:02,Main Run,1A,13,Nav,Hard,Hard,(phase) Speaking Stop,0:00:13.03,11.898,NA,NA,
xxx,6/30/2015,16:44:02,Main Run,1A,13,Nav,Hard,Hard,(btn) command incorrect,0:00:13.05,0.024,NA,NA,
xxx,6/30/2015,16:44:07,Main Run,1A,14,Nav,Hard,Hard,(phase) Listening Start,0:00:18.07,5.02,NA,NA,
xxx,6/30/2015,16:44:08,Main Run,1A,14,Nav,Hard,Hard,(phase) Listening Stop,0:00:19.22,1.147,NA,NA,
xxx,6/30/2015,16:44:09,Main Run,1A,14,Nav,Hard,Hard,(phase) Speaking Start,0:00:19.24,0.021,NA,NA,
xxx,6/30/2015,16:46:56,Main Run,1A,1,TDT Long,NA,NA,Start Run,16:46:56.76,63571279616.765,NA,NA,
xxx,6/30/2015,16:47:01,Main Run,1A,1,TDT Long,NA,NA,chime,0:00:05.01,5.014,NA,NA,
xxx,6/30/2015,16:47:04,Main Run,1A,2,Nav,Easy,Easy,(phase) Listening Start,0:00:08.08,3.073,NA,NA,
xxx,6/30/2015,16:47:04,Main Run,1A,2,Nav,Easy,Easy,Jump to trial 2,0:00:00.00,-8.087,NA,NA,
xxx,6/30/2015,16:47:06,Main Run,1A,2,Nav,Easy,Easy,(phase) Listening Stop,0:00:01.11,1.115,NA,NA,
xxx,6/30/2015,16:47:06,Main Run,1A,2,Nav,Easy,Easy,(phase) Speaking Start,0:00:01.13,0.02,NA,NA,
xxx,6/30/2015,16:47:09,Main Run,1A,2,Nav,Easy,Easy,(phase) Speaking Stop,0:00:04.92,3.787,NA,NA,
xxx,6/30/2015,16:47:09,Main Run,1A,2,Nav,Easy,Easy,(btn) command incorrect,0:00:04.96,0.048,NA,NA,
xxx,6/30/2015,16:47:14,Main Run,1A,3,Nav,Easy,Easy,(phase) Listening Start,0:00:09.98,5.019,NA,NA,
xxx,6/30/2015,16:47:16,Main Run,1A,3,Nav,Easy,Easy,(phase) Listening Stop,0:00:11.14,1.153,NA,NA,
xxx,6/30/2015,16:47:16,Main Run,1A,3,Nav,Easy,Easy,(phase) Speaking Start,0:00:11.15,0.018,NA,NA,
xxx,6/30/2015,16:47:19,Main Run,1A,3,Nav,Easy,Easy,(phase) Speaking Stop,0:00:14.75,3.594,NA,NA,
xxx,6/30/2015,16:47:19,Main Run,1A,3,Nav,Easy,Easy,(btn) command incorrect,0:00:14.77,0.023,NA,NA,
xxx,6/30/2015,16:47:24,Main Run,1A,4,Nav,Easy,Easy,(phase) Listening Start,0:00:19.81,5.034,NA,NA,
xxx,6/30/2015,16:47:25,Main Run,1A,4,Nav,Easy,Easy,(phase) Listening Stop,0:00:20.95,1.147,NA,NA,
xxx,6/30/2015,16:47:25,Main Run,1A,4,Nav,Easy,Easy,(phase) Speaking Start,0:00:20.97,0.018,NA,NA,
xxx,6/30/2015,16:47:31,Main Run,1A,4,Nav,Easy,Easy,(phase) Speaking Stop,0:00:26.99,6.019,NA,NA,
xxx,6/30/2015,16:47:31,Main Run,1A,4,Nav,Easy,Easy,(btn) command incorrect,0:00:27.01,0.023,NA,NA,
xxx,6/30/2015,16:47:36,Main Run,1A,5,Nav,Easy,Hard,(phase) Listening Start,0:00:32.03,5.021,NA,NA,
xxx,6/30/2015,16:47:38,Main Run,1A,5,Nav,Easy,Hard,(phase) Listening Stop,0:00:33.39,1.356,NA,NA,
xxx,6/30/2015,16:47:38,Main Run,1A,5,Nav,Easy,Hard,(phase) Speaking Start,0:00:33.41,0.019,NA,NA,
xxx,6/30/2015,16:47:41,Main Run,1A,5,Nav,Easy,Hard,(phase) Speaking Stop,0:00:36.53,3.124,NA,NA,
xxx,6/30/2015,16:47:41,Main Run,1A,5,Nav,Easy,Hard,(btn) command incorrect,0:00:36.77,0.233,NA,NA,
xxx,6/30/2015,16:47:46,Main Run,1A,6,Nav,Easy,Hard,(phase) Listening Start,0:00:41.80,5.031,NA,NA,
xxx,6/30/2015,16:47:47,Main Run,1A,6,Nav,Easy,Hard,(phase) Listening Stop,0:00:42.95,1.155,NA,NA,
xxx,6/30/2015,16:47:47,Main Run,1A,6,Nav,Easy,Hard,(phase) Speaking Start,0:00:42.97,0.019,NA,NA,
xxx,6/30/2015,16:47:51,Main Run,1A,6,Nav,Easy,Hard,(phase) Speaking Stop,0:00:47.01,4.034,NA,NA,
xxx,6/30/2015,16:47:51,Main Run,1A,6,Nav,Easy,Hard,(btn) command incorrect,0:00:47.03,0.024,NA,NA,
xxx,6/30/2015,16:47:56,Main Run,1A,7,Nav,Easy,Hard,(phase) Listening Start,0:00:52.05,5.02,NA,NA,
xxx,6/30/2015,16:47:58,Main Run,1A,7,Nav,Easy,Hard,(phase) Listening Stop,0:00:53.20,1.154,NA,NA,
xxx,6/30/2015,16:47:58,Main Run,1A,7,Nav,Easy,Hard,(phase) Speaking Start,0:00:53.22,0.018,NA,NA,
xxx,6/30/2015,16:48:01,Main Run,1A,7,Nav,Easy,Hard,(phase) Speaking Stop,0:00:57.02,3.8,NA,NA,
xxx,6/30/2015,16:48:01,Main Run,1A,7,Nav,Easy,Hard,(btn) command incorrect,0:00:57.04,0.023,NA,NA,
xxx,6/30/2015,16:48:12,Main Run,1A,8,TDT Short,NA,NA,chime,0:01:07.10,10.055,NA,NA,
xxx,6/30/2015,16:48:17,Main Run,1A,9,Nav,Hard,Easy,(phase) Listening Start,0:01:12.59,5.49,NA,NA,
xxx,6/30/2015,16:48:17,Main Run,1A,9,Nav,Hard,Easy,Jump to trial 9,0:00:00.00,-72.594,NA,NA,
xxx,6/30/2015,16:48:18,Main Run,1A,9,Nav,Hard,Easy,(phase) Listening Stop,0:00:01.11,1.115,NA,NA,
xxx,6/30/2015,16:48:18,Main Run,1A,9,Nav,Hard,Easy,(phase) Speaking Start,0:00:01.13,0.02,NA,NA,
xxx,6/30/2015,16:48:36,Main Run,1A,9,Nav,Hard,Easy,(phase) Speaking Stop,0:00:18.96,17.828,NA,NA,
xxx,6/30/2015,16:48:36,Main Run,1A,9,Nav,Hard,Easy,(btn) command incorrect,0:00:18.98,0.023,NA,NA,
xxx,6/30/2015,16:48:41,Main Run,1A,10,Nav,Hard,Easy,(phase) Listening Start,0:00:24.00,5.021,NA,NA,
xxx,6/30/2015,16:48:42,Main Run,1A,10,Nav,Hard,Easy,(phase) Listening Stop,0:00:25.16,1.154,NA,NA,
xxx,6/30/2015,16:48:42,Main Run,1A,10,Nav,Hard,Easy,(phase) Speaking Start,0:00:25.18,0.02,NA,NA,
xxx,6/30/2015,16:48:52,Main Run,1A,10,Nav,Hard,Easy,(phase) Speaking Stop,0:00:35.30,10.126,NA,NA,
xxx,6/30/2015,16:48:52,Main Run,1A,10,Nav,Hard,Easy,(btn) command incorrect,0:00:35.33,0.024,NA,NA,
xxx,6/30/2015,16:48:57,Main Run,1A,11,Nav,Hard,Easy,(phase) Listening Start,0:00:40.35,5.021,NA,NA,
xxx,6/30/2015,16:48:59,Main Run,1A,11,Nav,Hard,Easy,(phase) Listening Stop,0:00:41.50,1.153,NA,NA,
xxx,6/30/2015,16:48:59,Main Run,1A,11,Nav,Hard,Easy,(phase) Speaking Start,0:00:41.52,0.019,NA,NA,
xxx,6/30/2015,16:49:12,Main Run,1A,12,Nav,Hard,Hard,(phase) Listening Start,0:00:54.50,12.986,NA,NA,
xxx,6/30/2015,16:49:13,Main Run,1A,12,Nav,Hard,Hard,(phase) Listening Stop,0:00:55.66,1.157,NA,NA,
xxx,6/30/2015,16:49:13,Main Run,1A,12,Nav,Hard,Hard,(phase) Speaking Start,0:00:55.68,0.02,NA,NA,
xxx,6/30/2015,16:49:40,Main Run,1A,12,Nav,Hard,Hard,(phase) Speaking Stop,0:01:22.47,26.788,NA,NA,
xxx,6/30/2015,16:49:40,Main Run,1A,12,Nav,Hard,Hard,(btn) command incorrect,0:01:22.49,0.024,NA,NA,
xxx,6/30/2015,16:49:45,Main Run,1A,13,Nav,Hard,Hard,(phase) Listening Start,0:01:27.53,5.036,NA,NA,
xxx,6/30/2015,16:49:46,Main Run,1A,13,Nav,Hard,Hard,(phase) Listening Stop,0:01:28.69,1.158,NA,NA,
xxx,6/30/2015,16:49:46,Main Run,1A,13,Nav,Hard,Hard,(phase) Speaking Start,0:01:28.71,0.02,NA,NA,
xxx,6/30/2015,16:49:59,Main Run,1A,13,Nav,Hard,Hard,(phase) Speaking Stop,0:01:42.05,13.346,NA,NA,
xxx,6/30/2015,16:49:59,Main Run,1A,13,Nav,Hard,Hard,(btn) command incorrect,0:01:42.08,0.024,NA,NA,
xxx,6/30/2015,16:50:01,Main Run,1A,14,Nav,Hard,Hard,(phase) Listening Start,0:01:44.30,2.223,NA,NA,
xxx,6/30/2015,16:50:03,Main Run,1A,14,Nav,Hard,Hard,(phase) Listening Stop,0:01:45.44,1.142,NA,NA,
xxx,6/30/2015,16:50:03,Main Run,1A,14,Nav,Hard,Hard,(phase) Speaking Start,0:01:45.46,0.021,NA,NA,
xxx,6/30/2015,16:50:09,Main Run,1A,15,TDT Short,NA,NA,chime,0:01:52.14,6.674,NA,NA,
xxx,6/30/2015,16:50:21,Main Run,1A,14,Nav,Hard,Hard,(phase) Listening Start,0:02:03.60,11.461,NA,NA,
xxx,6/30/2015,16:50:21,Main Run,1A,14,Nav,Hard,Hard,Jump to trial 14,0:00:00.00,-123.604,NA,NA,
xxx,6/30/2015,16:50:22,Main Run,1A,14,Nav,Hard,Hard,(phase) Listening Stop,0:00:01.11,1.114,NA,NA,
xxx,6/30/2015,16:50:22,Main Run,1A,14,Nav,Hard,Hard,(phase) Speaking Start,0:00:01.13,0.017,NA,NA,
xxx,6/30/2015,16:50:31,Main Run,1A,14,Nav,Hard,Hard,(phase) Speaking Stop,0:00:10.73,9.602,NA,NA,
xxx,6/30/2015,16:50:31,Main Run,1A,14,Nav,Hard,Hard,(btn) command incorrect,0:00:10.75,0.021,NA,NA,
xxx,6/30/2015,16:50:42,Main Run,1A,15,TDT Short,NA,NA,chime,0:00:20.80,10.054,NA,NA,
xxx,6/30/2015,16:50:46,Main Run,1A,11,Nav,Hard,Easy,(phase) Listening Start,0:00:25.58,4.781,NA,NA,
xxx,6/30/2015,16:50:46,Main Run,1A,11,Nav,Hard,Easy,Jump to trial 11,0:00:00.00,-25.589,NA,NA,
xxx,6/30/2015,16:50:47,Main Run,1A,11,Nav,Hard,Easy,(phase) Listening Stop,0:00:01.11,1.115,NA,NA,
xxx,6/30/2015,16:50:47,Main Run,1A,11,Nav,Hard,Easy,(phase) Speaking Start,0:00:01.13,0.017,NA,NA,
xxx,6/30/2015,16:51:09,Main Run,1A,12,Nav,Hard,Hard,(phase) Listening Start,0:00:22.91,21.783,NA,NA,
xxx,6/30/2015,16:51:10,Main Run,1A,12,Nav,Hard,Hard,(phase) Listening Stop,0:00:24.05,1.142,NA,NA,
xxx,6/30/2015,16:51:10,Main Run,1A,12,Nav,Hard,Hard,(phase) Speaking Start,0:00:24.07,0.019,NA,NA,
xxx,6/30/2015,16:51:42,Main Run,1A,13,Nav,Hard,Hard,(phase) Listening Start,0:00:55.21,31.14,NA,NA,
xxx,6/30/2015,16:51:43,Main Run,1A,13,Nav,Hard,Hard,(phase) Listening Stop,0:00:56.36,1.145,NA,NA,
xxx,6/30/2015,16:51:43,Main Run,1A,13,Nav,Hard,Hard,(phase) Speaking Start,0:00:56.37,0.018,NA,NA,
xxx,6/30/2015,17:03:19,Main Run,1A,1,TDT Long,NA,NA,Start Run,17:03:19.90,63571280599.908,NA,NA,
xxx,6/30/2015,17:03:24,Main Run,1A,1,TDT Long,NA,NA,chime,0:00:05.01,5.015,NA,NA,
xxx,6/30/2015,17:03:25,Main Run,1A,2,Nav,Easy,Easy,(phase) Listening Start,0:00:05.48,0.472,NA,NA,
xxx,6/30/2015,17:03:25,Main Run,1A,2,Nav,Easy,Easy,Jump to trial 2,0:00:00.00,-5.487,NA,NA,
xxx,6/30/2015,17:03:26,Main Run,1A,2,Nav,Easy,Easy,(phase) Listening Stop,0:00:01.11,1.116,NA,NA,
xxx,6/30/2015,17:03:26,Main Run,1A,2,Nav,Easy,Easy,(phase) Speaking Start,0:00:01.13,0.017,NA,NA,
xxx,6/30/2015,17:06:25,Main Run,1A,3,Nav,Easy,Easy,(phase) Listening Start,0:02:59.52,178.389,NA,NA,
xxx,6/30/2015,17:06:26,Main Run,1A,3,Nav,Easy,Easy,(phase) Listening Stop,0:03:00.68,1.158,NA,NA,
xxx,6/30/2015,17:06:26,Main Run,1A,3,Nav,Easy,Easy,(phase) Speaking Start,0:03:00.69,0.018,NA,NA,
xxx,6/30/2015,17:13:25,Main Run,1A,1,TDT Long,NA,NA,Start Run,17:13:25.39,63571281205.394,NA,NA,
xxx,6/30/2015,17:13:30,Main Run,1A,1,TDT Long,NA,NA,chime,0:00:05.02,5.021,NA,NA,
xxx,6/30/2015,17:13:37,Main Run,1A,8,TDT Short,NA,NA,Jump to trial 8,0:00:00.00,-5.021,NA,NA,
xxx,6/30/2015,17:13:42,Main Run,1A,8,TDT Short,NA,NA,chime,0:00:05.01,5.012,NA,NA,
xxx,6/30/2015,17:14:42,Main Run,1A,9,Nav,Hard,Easy,(phase) Listening Start,0:01:05.03,60.023,NA,NA,
xxx,6/30/2015,17:14:43,Main Run,1A,9,Nav,Hard,Easy,(phase) Listening Stop,0:01:06.18,1.152,NA,NA,
xxx,6/30/2015,17:14:43,Main Run,1A,9,Nav,Hard,Easy,(phase) Speaking Start,0:01:06.21,0.026,NA,NA,
xxx,6/30/2015,17:16:40,Main Run,1A,1,TDT Long,NA,NA,Start Run,17:16:40.52,63571281400.53,NA,NA,
xxx,6/30/2015,17:16:45,Main Run,1A,1,TDT Long,NA,NA,chime,0:00:05.01,5.015,NA,NA,
xxx,6/30/2015,17:16:53,Main Run,1A,8,TDT Short,NA,NA,Jump to trial 8,0:00:00.00,-5.015,NA,NA,
xxx,6/30/2015,17:16:58,Main Run,1A,8,TDT Short,NA,NA,chime,0:00:05.01,5.011,NA,NA,
xxx,6/30/2015,17:17:58,Main Run,1A,9,Nav,Hard,Easy,(phase) Listening Start,0:01:05.03,60.026,NA,NA,
xxx,6/30/2015,17:17:59,Main Run,1A,9,Nav,Hard,Easy,(phase) Listening Stop,0:01:06.19,1.154,NA,NA,
xxx,6/30/2015,17:17:59,Main Run,1A,9,Nav,Hard,Easy,(phase) Speaking Start,0:01:06.20,0.017,NA,NA,
xxx,6/30/2015,17:18:35,Main Run,1A,9,Nav,Hard,Easy,(phase) Speaking Stop,0:01:41.76,35.555,NA,NA,
xxx,6/30/2015,17:18:35,Main Run,1A,9,Nav,Hard,Easy,(btn) command incorrect,0:01:41.78,0.024,NA,NA,
xxx,6/30/2015,17:18:40,Main Run,1A,10,Nav,Hard,Easy,(phase) Listening Start,0:01:46.80,5.019,NA,NA,
xxx,6/30/2015,17:18:41,Main Run,1A,10,Nav,Hard,Easy,(phase) Listening Stop,0:01:47.96,1.155,NA,NA,
xxx,6/30/2015,17:18:41,Main Run,1A,10,Nav,Hard,Easy,(phase) Speaking Start,0:01:47.97,0.016,NA,NA,
xxx,6/30/2015,17:23:10,Main Run,1A,8,TDT Short,NA,NA,Jump to trial 8,0:00:00.00,0.001,NA,NA,
xxx,6/30/2015,17:23:15,Main Run,1A,8,TDT Short,NA,NA,chime,0:00:05.01,5.015,NA,NA,
xxx,6/30/2015,17:24:15,Main Run,1A,9,Nav,Hard,Easy,(phase) Listening Start,0:01:05.04,60.026,NA,NA,
xxx,6/30/2015,17:24:16,Main Run,1A,9,Nav,Hard,Easy,(phase) Listening Stop,0:01:06.18,1.143,NA,NA,
xxx,6/30/2015,17:24:16,Main Run,1A,9,Nav,Hard,Easy,(phase) Speaking Start,0:01:06.20,0.017,NA,NA,
xxx,6/30/2015,17:28:37,Main Run,1A,1,TDT Long,NA,NA,Start Run,17:28:37.65,63571282117.658,NA,NA,
xxx,6/30/2015,17:28:42,Main Run,1A,1,TDT Long,NA,NA,chime,0:00:05.01,5.02,NA,NA,
xxx,6/30/2015,17:28:45,Main Run,1A,2,Nav,Easy,Easy,(phase) Listening Start,0:00:07.62,2.601,NA,NA,
xxx,6/30/2015,17:28:45,Main Run,1A,2,Nav,Easy,Easy,Jump to trial 2,0:00:00.00,-7.621,NA,NA,
xxx,6/30/2015,17:28:46,Main Run,1A,2,Nav,Easy,Easy,(phase) Listening Stop,0:00:01.33,1.331,NA,NA,
xxx,6/30/2015,17:28:46,Main Run,1A,2,Nav,Easy,Easy,(phase) Speaking Start,0:00:01.34,0.016,NA,NA,
xxx,6/30/2015,17:28:52,Main Run,1A,8,TDT Short,NA,NA,Jump to trial 8,0:00:00.00,-1.347,NA,NA,
xxx,6/30/2015,17:28:57,Main Run,1A,8,TDT Short,NA,NA,chime,0:00:05.02,5.021,NA,NA,
xxx,6/30/2015,17:29:57,Main Run,1A,9,Nav,Hard,Easy,(phase) Listening Start,0:01:05.05,60.029,NA,NA,
xxx,6/30/2015,17:29:58,Main Run,1A,9,Nav,Hard,Easy,(phase) Listening Stop,0:01:06.20,1.157,NA,NA,
xxx,6/30/2015,17:29:58,Main Run,1A,9,Nav,Hard,Easy,(phase) Speaking Start,0:01:06.22,0.018,NA,NA,
xxx,6/30/2015,17:52:01,Main Run,1A,1,TDT Long,NA,NA,Start Run,17:52:01.96,63571283521.968,NA,NA,
xxx,6/30/2015,17:52:05,Main Run,1A,2,Nav,Easy,Easy,(phase) Listening Start,0:00:02.98,-63571283518.981,NA,NA,
xxx,6/30/2015,17:52:05,Main Run,1A,2,Nav,Easy,Easy,Jump to trial 2,0:00:00.00,-2.987,NA,NA,
xxx,6/30/2015,17:52:06,Main Run,1A,2,Nav,Easy,Easy,(phase) Listening Stop,0:00:01.39,1.4,NA,NA,
xxx,6/30/2015,17:52:06,Main Run,1A,2,Nav,Easy,Easy,(phase) Speaking Start,0:00:01.47,0.077,NA,NA,
xxx,6/30/2015,17:52:07,Main Run,1A,2,Nav,Easy,Easy,chime,0:00:02.00,0.526,NA,NA,
xxx,6/30/2015,17:52:11,Main Run,1A,2,Nav,Easy,Easy,(phase) Speaking Stop,0:00:05.94,3.942,NA,NA,
xxx,6/30/2015,17:52:11,Main Run,1A,2,Nav,Easy,Easy,(btn) command correct perfect,0:00:05.96,0.017,NA,NA,
xxx,6/30/2015,17:52:11,Main Run,1A,2,Nav,Easy,Easy,(phase) Reading Start,0:00:05.99,0.03,NA,NA,
PID, Date, Time, RunType, Scenario, Trial, Task, Cognitive, Visual, InputEvent, ElapsedTime, Duration, N_OptimalChoice, R_FirstTry, Notes
xxx,7/1/2015,10:19:24,Main Run,1B,1,TDT Short,NA,NA,Start Run,10:19:24.82,63571342764.823,NA,NA,
xxx,7/1/2015,10:19:30,Main Run,1B,1,TDT Short,NA,NA,chime,0:00:05.23,5.239,NA,NA,
xxx,7/1/2015,10:19:33,Main Run,1B,2,Nav,Easy,Easy,(phase) Listening Start,0:00:08.90,3.665,NA,NA,
xxx,7/1/2015,10:19:33,Main Run,1B,2,Nav,Easy,Easy,Jump to trial 2,0:00:00.00,-8.904,NA,NA,
xxx,7/1/2015,10:19:35,Main Run,1B,2,Nav,Easy,Easy,(phase) Listening Stop,0:00:01.12,1.124,NA,NA,
xxx,7/1/2015,10:19:35,Main Run,1B,2,Nav,Easy,Easy,(phase) Speaking Start,0:00:01.13,0.011,NA,NA,
xxx,7/1/2015,10:19:39,Main Run,1B,2,Nav,Easy,Easy,(phase) Speaking Stop,0:00:05.50,4.368,NA,NA,
xxx,7/1/2015,10:19:39,Main Run,1B,2,Nav,Easy,Easy,(btn) command incorrect,0:00:05.51,0.017,NA,NA,
xxx,7/1/2015,10:19:44,Main Run,1B,3,Nav,Easy,Easy,(phase) Listening Start,0:00:10.53,5.019,NA,NA,
xxx,7/1/2015,10:19:45,Main Run,1B,3,Nav,Easy,Easy,(phase) Listening Stop,0:00:11.67,1.137,NA,NA,
xxx,7/1/2015,10:19:45,Main Run,1B,3,Nav,Easy,Easy,(phase) Speaking Start,0:00:11.68,0.012,NA,NA,
xxx,7/1/2015,10:19:49,Main Run,1B,3,Nav,Easy,Easy,(phase) Speaking Stop,0:00:15.59,3.902,NA,NA,
xxx,7/1/2015,10:19:49,Main Run,1B,3,Nav,Easy,Easy,(btn) command incorrect,0:00:15.60,0.017,NA,NA,
xxx,7/1/2015,10:19:54,Main Run,1B,4,Nav,Easy,Easy,(phase) Listening Start,0:00:20.63,5.025,NA,NA,
xxx,7/1/2015,10:19:55,Main Run,1B,4,Nav,Easy,Easy,(phase) Listening Stop,0:00:21.76,1.137,NA,NA,
xxx,7/1/2015,10:19:55,Main Run,1B,4,Nav,Easy,Easy,(phase) Speaking Start,0:00:21.78,0.012,NA,NA,
xxx,7/1/2015,10:20:02,Main Run,1B,4,Nav,Easy,Easy,(phase) Speaking Stop,0:00:28.87,7.096,NA,NA,
xxx,7/1/2015,10:20:02,Main Run,1B,4,Nav,Easy,Easy,(btn) command incorrect,0:00:28.89,0.016,NA,NA,
xxx,7/1/2015,10:20:07,Main Run,1B,5,Nav,Easy,Hard,(phase) Listening Start,0:00:33.91,5.021,NA,NA,
xxx,7/1/2015,10:20:08,Main Run,1B,5,Nav,Easy,Hard,(phase) Listening Stop,0:00:35.05,1.138,NA,NA,
xxx,7/1/2015,10:20:08,Main Run,1B,5,Nav,Easy,Hard,(phase) Speaking Start,0:00:35.06,0.011,NA,NA,
xxx,7/1/2015,10:20:13,Main Run,1B,5,Nav,Easy,Hard,(phase) Speaking Stop,0:00:39.17,4.111,NA,NA,
xxx,7/1/2015,10:20:13,Main Run,1B,5,Nav,Easy,Hard,(btn) command incorrect,0:00:39.19,0.024,NA,NA,
xxx,7/1/2015,10:20:18,Main Run,1B,6,Nav,Easy,Hard,(phase) Listening Start,0:00:44.21,5.018,NA,NA,
xxx,7/1/2015,10:20:19,Main Run,1B,6,Nav,Easy,Hard,(phase) Listening Stop,0:00:45.35,1.141,NA,NA,
xxx,7/1/2015,10:20:19,Main Run,1B,6,Nav,Easy,Hard,(phase) Speaking Start,0:00:45.37,0.016,NA,NA,
xxx,7/1/2015,10:20:30,Main Run,1B,7,Nav,Easy,Hard,(phase) Listening Start,0:00:56.32,10.953,NA,NA,
xxx,7/1/2015,10:20:31,Main Run,1B,7,Nav,Easy,Hard,(phase) Listening Stop,0:00:57.45,1.125,NA,NA,
xxx,7/1/2015,10:20:31,Main Run,1B,7,Nav,Easy,Hard,(phase) Speaking Start,0:00:57.46,0.016,NA,NA,
xxx,7/1/2015,10:20:50,Main Run,1B,7,Nav,Easy,Hard,(phase) Speaking Stop,0:01:16.46,19,NA,NA,
xxx,7/1/2015,10:20:50,Main Run,1B,7,Nav,Easy,Hard,(btn) command incorrect,0:01:16.48,0.016,NA,NA,
xxx,7/1/2015,10:21:00,Main Run,1B,8,TDT Short,NA,,chime,0:01:26.52,10.047,NA,NA,
xxx,7/1/2015,10:21:10,Main Run,1B,9,Nav,Hard,Easy,(phase) Listening Start,0:01:36.59,10.065,NA,NA,
xxx,7/1/2015,10:21:10,Main Run,1B,9,Nav,Hard,Easy,Jump to trial 9,0:00:00.00,-96.595,NA,NA,
xxx,7/1/2015,10:21:11,Main Run,1B,9,Nav,Hard,Easy,(phase) Listening Stop,0:00:01.10,1.109,NA,NA,
xxx,7/1/2015,10:21:11,Main Run,1B,9,Nav,Hard,Easy,(phase) Speaking Start,0:00:01.12,0.016,NA,NA,
xxx,7/1/2015,10:21:30,Main Run,1B,9,Nav,Hard,Easy,(phase) Speaking Stop,0:00:19.56,18.438,NA,NA,
xxx,7/1/2015,10:21:30,Main Run,1B,9,Nav,Hard,Easy,(btn) command incorrect,0:00:19.57,0.015,NA,NA,
xxx,7/1/2015,10:21:35,Main Run,1B,10,Nav,Hard,Easy,(phase) Listening Start,0:00:24.57,5,NA,NA,
xxx,7/1/2015,10:21:36,Main Run,1B,10,Nav,Hard,Easy,(phase) Listening Stop,0:00:25.73,1.157,NA,NA,
xxx,7/1/2015,10:21:36,Main Run,1B,10,Nav,Hard,Easy,(phase) Speaking Start,0:00:25.73,0,NA,NA,
xxx,7/1/2015,10:22:00,Main Run,1B,11,Nav,Hard,Easy,(phase) Listening Start,0:00:49.93,24.203,NA,NA,
xxx,7/1/2015,10:22:01,Main Run,1B,11,Nav,Hard,Easy,(phase) Listening Stop,0:00:51.07,1.141,NA,NA,
xxx,7/1/2015,10:22:01,Main Run,1B,11,Nav,Hard,Easy,(phase) Speaking Start,0:00:51.09,0.015,NA,NA,
xxx,7/1/2015,10:22:15,Main Run,1B,11,Nav,Hard,Easy,(phase) Speaking Stop,0:01:05.21,14.126,NA,NA,
xxx,7/1/2015,10:22:15,Main Run,1B,11,Nav,Hard,Easy,(btn) command incorrect,0:01:05.23,0.015,NA,NA,
xxx,7/1/2015,10:22:20,Main Run,1B,12,Nav,Hard,Hard,(phase) Listening Start,0:01:10.25,5.016,NA,NA,
xxx,7/1/2015,10:22:21,Main Run,1B,12,Nav,Hard,Hard,(phase) Listening Stop,0:01:11.39,1.141,NA,NA,
xxx,7/1/2015,10:22:21,Main Run,1B,12,Nav,Hard,Hard,(phase) Speaking Start,0:01:11.40,0.015,NA,NA,
xxx,7/1/2015,10:22:30,Main Run,1B,12,Nav,Hard,Hard,(phase) Speaking Stop,0:01:20.40,9,NA,NA,
xxx,7/1/2015,10:22:30,Main Run,1B,12,Nav,Hard,Hard,(btn) command incorrect,0:01:20.42,0.016,NA,NA,
xxx,7/1/2015,10:22:35,Main Run,1B,13,Nav,Hard,Hard,(phase) Listening Start,0:01:25.43,5.016,NA,NA,
xxx,7/1/2015,10:22:37,Main Run,1B,13,Nav,Hard,Hard,(phase) Listening Stop,0:01:26.79,1.353,NA,NA,
xxx,7/1/2015,10:22:37,Main Run,1B,13,Nav,Hard,Hard,(phase) Speaking Start,0:01:26.80,0.013,NA,NA,
xxx,7/1/2015,10:22:44,Main Run,1B,13,Nav,Hard,Hard,(phase) Speaking Stop,0:01:34.42,7.62,NA,NA,
xxx,7/1/2015,10:22:44,Main Run,1B,13,Nav,Hard,Hard,(btn) command incorrect,0:01:34.44,0.015,NA,NA,
xxx,7/1/2015,10:22:49,Main Run,1B,14,Nav,Hard,Hard,(phase) Listening Start,0:01:39.45,5.016,NA,NA,
xxx,7/1/2015,10:22:51,Main Run,1B,14,Nav,Hard,Hard,(phase) Listening Stop,0:01:40.59,1.141,NA,NA,
xxx,7/1/2015,10:22:51,Main Run,1B,14,Nav,Hard,Hard,(phase) Speaking Start,0:01:40.61,0.015,NA,NA,
xxx,7/1/2015,10:23:43,Main Run,1B,1,TDT Short,NA,NA,change scenario,10:23:43.78,63571343023.783,NA,NA,
xxx,7/1/2015,10:23:47,Main Run,1B,8,TDT Short,NA,,Jump to trial 8,0:00:00.00,-63571343023.783,NA,NA,
xxx,7/1/2015,10:23:52,Main Run,1B,8,TDT Short,NA,,chime,0:00:05.02,5.028,NA,NA,
xxx,7/1/2015,10:23:56,Main Run,1B,9,Nav,Hard,Easy,(phase) Listening Start,0:00:08.97,3.951,NA,NA,
xxx,7/1/2015,10:23:56,Main Run,1B,9,Nav,Hard,Easy,Jump to trial 9,0:00:00.00,-8.979,NA,NA,
xxx,7/1/2015,10:23:57,Main Run,1B,9,Nav,Hard,Easy,(phase) Listening Stop,0:00:01.10,1.109,NA,NA,
xxx,7/1/2015,10:23:57,Main Run,1B,9,Nav,Hard,Easy,(phase) Speaking Start,0:00:01.12,0.016,NA,NA,
xxx,7/1/2015,10:24:02,Main Run,1B,10,Nav,Hard,Easy,(phase) Listening Start,0:00:06.06,4.938,NA,NA,
xxx,7/1/2015,10:24:03,Main Run,1B,10,Nav,Hard,Easy,(phase) Listening Stop,0:00:07.20,1.14,NA,NA,
xxx,7/1/2015,10:24:03,Main Run,1B,10,Nav,Hard,Easy,(phase) Speaking Start,0:00:07.21,0.016,NA,NA,
xxx,7/1/2015,10:24:59,Main Run,1A,8,TDT Short,NA,NA,Jump to trial 8,0:00:00.00,0,NA,NA,
xxx,7/1/2015,10:25:04,Main Run,1A,8,TDT Short,NA,NA,chime,0:00:05.01,5.013,NA,NA,
xxx,7/1/2015,10:25:14,Main Run,1A,9,Nav,Hard,Easy,(phase) Listening Start,0:00:15.02,10.016,NA,NA,
xxx,7/1/2015,10:25:15,Main Run,1A,9,Nav,Hard,Easy,(phase) Listening Stop,0:00:16.15,1.125,NA,NA,
xxx,7/1/2015,10:25:15,Main Run,1A,9,Nav,Hard,Easy,(phase) Speaking Start,0:00:16.16,0.016,NA,NA,
xxx,7/1/2015,10:25:32,Main Run,1A,1,TDT Long,NA,NA,Jump to trial 1,0:00:00.00,0,NA,NA,
xxx,7/1/2015,10:25:37,Main Run,1A,1,TDT Long,NA,NA,chime,0:00:05.01,5.016,NA,NA,
xxx,7/1/2015,10:25:41,Main Run,1A,8,TDT Short,NA,NA,Jump to trial 8,0:00:00.00,-5.016,NA,NA,
xxx,7/1/2015,10:25:46,Main Run,1A,8,TDT Short,NA,NA,chime,0:00:05.00,5.004,NA,NA,
xxx,7/1/2015,10:25:47,Main Run,1A,9,Nav,Hard,Easy,(phase) Listening Start,0:00:06.44,1.438,NA,NA,
xxx,7/1/2015,10:25:47,Main Run,1A,9,Nav,Hard,Easy,Jump to trial 9,0:00:00.00,-6.442,NA,NA,
xxx,7/1/2015,10:25:49,Main Run,1A,9,Nav,Hard,Easy,(phase) Listening Stop,0:00:01.10,1.109,NA,NA,
xxx,7/1/2015,10:25:49,Main Run,1A,9,Nav,Hard,Easy,(phase) Speaking Start,0:00:01.12,0.016,NA,NA,
xxx,7/1/2015,10:25:56,Main Run,1A,10,Nav,Hard,Easy,(phase) Listening Start,0:00:08.56,7.438,NA,NA,
xxx,7/1/2015,10:25:57,Main Run,1A,10,Nav,Hard,Easy,(phase) Listening Stop,0:00:09.70,1.14,NA,NA,
xxx,7/1/2015,10:25:57,Main Run,1A,10,Nav,Hard,Easy,(phase) Speaking Start,0:00:09.71,0.016,NA,NA,
xxx,7/1/2015,10:34:25,Main Run,1A,1,TDT Long,NA,NA,Start Run,10:34:25.55,63571343665.55,NA,NA,
xxx,7/1/2015,10:34:29,Main Run,1A,2,Nav,Easy,Easy,(phase) Listening Start,0:00:03.85,-63571343661.697,NA,NA,
xxx,7/1/2015,10:34:29,Main Run,1A,2,Nav,Easy,Easy,Jump to trial 2,0:00:00.00,-3.853,NA,NA,
xxx,7/1/2015,10:34:30,Main Run,1A,2,Nav,Easy,Easy,chime,0:00:01.14,1.143,NA,NA,
xxx,7/1/2015,10:35:45,Main Run,1A,1,TDT Long,NA,NA,Start Run,10:35:45.26,63571343745.269,NA,NA,
xxx,7/1/2015,10:35:50,Main Run,1A,1,TDT Long,NA,NA,chime,0:00:05.01,5.012,NA,NA,
xxx,7/1/2015,10:36:00,Main Run,1A,2,Nav,Easy,Easy,(phase) Listening Start,0:00:15.00,9.994,NA,NA,
xxx,7/1/2015,10:36:00,Main Run,1A,2,Nav,Easy,Easy,Jump to trial 2,0:00:00.00,-15.006,NA,NA,
xxx,7/1/2015,10:36:01,Main Run,1A,2,Nav,Easy,Easy,(phase) Listening Stop,0:00:01.10,1.109,NA,NA,
xxx,7/1/2015,10:36:01,Main Run,1A,2,Nav,Easy,Easy,(phase) Speaking Start,0:00:01.12,0.016,NA,NA,
xxx,7/1/2015,10:36:08,Main Run,1A,8,TDT Short,NA,NA,Jump to trial 8,0:00:00.00,-1.125,NA,NA,
xxx,7/1/2015,10:36:13,Main Run,1A,8,TDT Short,NA,NA,chime,0:00:05.02,5.024,NA,NA,
xxx,7/1/2015,10:36:15,Main Run,1A,10,Nav,Hard,Easy,(phase) Listening Start,0:00:06.97,1.953,NA,NA,
xxx,7/1/2015,10:36:15,Main Run,1A,10,Nav,Hard,Easy,Jump to trial 10,0:00:00.00,-6.977,NA,NA,
xxx,7/1/2015,10:36:16,Main Run,1A,10,Nav,Hard,Easy,(phase) Listening Stop,0:00:01.10,1.109,NA,NA,
xxx,7/1/2015,10:36:16,Main Run,1A,10,Nav,Hard,Easy,(phase) Speaking Start,0:00:01.12,0.016,NA,NA,
xxx,7/1/2015,10:36:23,Main Run,1A,11,Nav,Hard,Easy,(phase) Listening Start,0:00:08.04,6.922,NA,NA,
xxx,7/1/2015,10:36:24,Main Run,1A,11,Nav,Hard,Easy,(phase) Listening Stop,0:00:09.18,1.141,NA,NA,
xxx,7/1/2015,10:36:24,Main Run,1A,11,Nav,Hard,Easy,(phase) Speaking Start,0:00:09.20,0.015,NA,NA,
xxx,7/1/2015,10:40:49,Main Run,1A,8,TDT Short,NA,NA,Jump to trial 8,0:00:00.00,0,NA,NA,
xxx,7/1/2015,10:40:54,Main Run,1A,8,TDT Short,NA,NA,chime,0:00:05.01,5.011,NA,NA,
xxx,7/1/2015,10:41:54,Main Run,1A,9,Nav,Hard,Easy,(phase) Listening Start,0:01:04.82,59.815,NA,NA,
xxx,7/1/2015,10:41:55,Main Run,1A,9,Nav,Hard,Easy,(phase) Listening Stop,0:01:05.94,1.123,NA,NA,
xxx,7/1/2015,10:41:55,Main Run,1A,9,Nav,Hard,Easy,(phase) Speaking Start,0:01:05.96,0.015,NA,NA,
xxx,7/1/2015,10:43:00,Main Run,1A,8,TDT Short,NA,NA,Jump to trial 8,0:00:00.00,0,NA,NA,
xxx,7/1/2015,10:43:06,Main Run,1A,8,TDT Short,NA,NA,chime,0:00:05.02,5.021,NA,NA,
xxx,7/1/2015,10:44:39,Main Run,1A,1,TDT Long,NA,NA,Start Run,10:44:39.54,63571344279.541,NA,NA,
xxx,7/1/2015,10:44:44,Main Run,1A,1,TDT Long,NA,NA,chime,0:00:05.00,5.005,NA,NA,
xxx,7/1/2015,10:44:54,Main Run,1A,2,Nav,Easy,Easy,(phase) Listening Start,0:00:15.18,10.179,NA,NA,
xxx,7/1/2015,10:44:54,Main Run,1A,2,Nav,Easy,Easy,Jump to trial 2,0:00:00.00,-15.184,NA,NA,
xxx,7/1/2015,10:44:55,Main Run,1A,2,Nav,Easy,Easy,(phase) Listening Stop,0:00:01.10,1.109,NA,NA,
xxx,7/1/2015,10:44:55,Main Run,1A,2,Nav,Easy,Easy,(phase) Speaking Start,0:00:01.12,0.016,NA,NA,
xxx,7/1/2015,10:45:14,Main Run,1A,8,TDT Short,NA,NA,Jump to trial 8,0:00:00.00,-1.125,NA,NA,
xxx,7/1/2015,10:45:19,Main Run,1A,8,TDT Short,NA,NA,chime,0:00:05.01,5.016,NA,NA,
xxx,7/1/2015,10:45:23,Main Run,1A,10,Nav,Hard,Easy,(phase) Listening Start,0:00:09.09,4.083,NA,NA,
xxx,7/1/2015,10:45:23,Main Run,1A,10,Nav,Hard,Easy,Jump to trial 10,0:00:00.00,-9.099,NA,NA,
xxx,7/1/2015,10:45:24,Main Run,1A,10,Nav,Hard,Easy,(phase) Listening Stop,0:00:01.10,1.109,NA,NA,
xxx,7/1/2015,10:45:24,Main Run,1A,10,Nav,Hard,Easy,(phase) Speaking Start,0:00:01.12,0.016,NA,NA,
xxx,7/1/2015,10:45:29,Main Run,1A,11,Nav,Hard,Easy,(phase) Listening Start,0:00:05.92,4.797,NA,NA,
xxx,7/1/2015,10:45:30,Main Run,1A,11,Nav,Hard,Easy,(phase) Listening Stop,0:00:07.06,1.141,NA,NA,
xxx,7/1/2015,10:45:30,Main Run,1A,11,Nav,Hard,Easy,(phase) Speaking Start,0:00:07.07,0.015,NA,NA,
xxx,7/1/2015,10:47:38,Main Run,1A,1,TDT Long,NA,NA,Start Run,10:47:38.40,63571344458.409,NA,NA,
xxx,7/1/2015,10:47:43,Main Run,1A,1,TDT Long,NA,NA,chime,0:00:05.02,5.021,NA,NA,
xxx,7/1/2015,10:48:03,Main Run,1A,8,TDT Short,NA,NA,Jump to trial 8,0:00:00.00,0,NA,NA,
xxx,7/1/2015,10:48:08,Main Run,1A,8,TDT Short,NA,NA,chime,0:00:05.01,5.015,NA,NA,
xxx,7/1/2015,10:48:11,Main Run,1A,9,Nav,Hard,Easy,(phase) Listening Start,0:00:07.56,2.547,NA,NA,
xxx,7/1/2015,10:48:11,Main Run,1A,9,Nav,Hard,Easy,Jump to trial 9,0:00:00.00,-7.562,NA,NA,
xxx,7/1/2015,10:48:12,Main Run,1A,9,Nav,Hard,Easy,(phase) Listening Stop,0:00:01.32,1.321,NA,NA,
xxx,7/1/2015,10:48:12,Main Run,1A,9,Nav,Hard,Easy,(phase) Speaking Start,0:00:01.33,0.017,NA,NA,
xxx,7/1/2015,10:48:18,Main Run,1A,10,Nav,Hard,Easy,(phase) Listening Start,0:00:07.46,6.129,NA,NA,
xxx,7/1/2015,10:48:20,Main Run,1A,10,Nav,Hard,Easy,(phase) Listening Stop,0:00:09.02,1.557,NA,NA,
xxx,7/1/2015,10:48:20,Main Run,1A,10,Nav,Hard,Easy,(phase) Speaking Start,0:00:09.03,0.016,NA,NA,
xxx,7/1/2015,10:50:15,Main Run,1A,8,TDT Short,NA,NA,Jump to trial 8,0:00:00.00,0,NA,NA,
xxx,7/1/2015,10:50:20,Main Run,1A,8,TDT Short,NA,NA,chime,0:00:05.02,5.023,NA,NA,
xxx,7/1/2015,10:50:36,Main Run,1A,9,Nav,Hard,Easy,(phase) Listening Start,0:00:21.32,16.297,NA,NA,
xxx,7/1/2015,10:50:48,Main Run,1A,9,Nav,Hard,Easy,(phase) Listening Stop,0:00:33.46,16.483,NA,NA,
xxx,7/1/2015,10:50:57,Main Run,1A,9,Nav,Hard,Easy,(phase) Speaking Start,0:00:41.76,3.964,NA,NA,
xxx,7/1/2015,10:51:18,Main Run,1A,8,TDT Short,NA,NA,Jump to trial 8,0:00:00.00,0,NA,NA,
xxx,7/1/2015,10:51:23,Main Run,1A,8,TDT Short,NA,NA,chime,0:00:05.01,5.018,NA,NA,
xxx,7/1/2015,10:51:44,Main Run,1A,9,Nav,Hard,Easy,(phase) Listening Start,0:00:26.69,21.672,NA,NA,
xxx,7/1/2015,10:53:23,Main Run,1A,8,TDT Short,NA,NA,Jump to trial 8,0:00:00.00,0,NA,NA,
xxx,7/1/2015,10:53:28,Main Run,1A,8,TDT Short,NA,NA,chime,0:00:05.02,5.03,NA,NA,
xxx,7/1/2015,10:53:34,Main Run,1A,9,Nav,Hard,Easy,(phase) Listening Start,0:00:10.93,5.906,NA,NA,
xxx,7/1/2015,10:53:34,Main Run,1A,9,Nav,Hard,Easy,Jump to trial 9,0:00:00.00,-10.936,NA,NA,
xxx,7/1/2015,10:53:35,Main Run,1A,9,Nav,Hard,Easy,(phase) Listening Stop,0:00:01.10,1.109,NA,NA,
xxx,7/1/2015,10:53:35,Main Run,1A,9,Nav,Hard,Easy,(phase) Speaking Start,0:00:01.12,0.016,NA,NA,
xxx,7/1/2015,10:53:38,Main Run,1A,10,Nav,Hard,Easy,(phase) Listening Start,0:00:04.07,2.953,NA,NA,
xxx,7/1/2015,10:53:39,Main Run,1A,10,Nav,Hard,Easy,(phase) Listening Stop,0:00:05.21,1.141,NA,NA,
xxx,7/1/2015,10:53:39,Main Run,1A,10,Nav,Hard,Easy,(phase) Speaking Start,0:00:05.23,0.015,NA,NA,
xxx,7/1/2015,10:55:13,Main Run,1A,8,TDT Short,NA,NA,Jump to trial 8,0:00:00.00,0,NA,NA,
xxx,7/1/2015,10:55:18,Main Run,1A,8,TDT Short,NA,NA,chime,0:00:05.02,5.021,NA,NA,
xxx,7/1/2015,11:02:42,Main Run,1A,8,TDT Short,NA,NA,Jump to trial 8,0:00:00.00,0,NA,NA,
xxx,7/1/2015,11:02:47,Main Run,1A,8,TDT Short,NA,NA,chime,0:00:05.01,5.018,NA,NA,
xxx,7/1/2015,11:02:49,Main Run,1A,9,Nav,Hard,Easy,(phase) Listening Start,0:00:07.04,2.032,NA,NA,
xxx,7/1/2015,11:02:49,Main Run,1A,9,Nav,Hard,Easy,Jump to trial 9,0:00:00.00,-7.05,NA,NA,
xxx,7/1/2015,11:02:50,Main Run,1A,9,Nav,Hard,Easy,(phase) Listening Stop,0:00:01.10,1.109,NA,NA,
xxx,7/1/2015,11:02:50,Main Run,1A,9,Nav,Hard,Easy,(phase) Speaking Start,0:00:01.12,0.016,NA,NA,
xxx,7/1/2015,11:02:57,Main Run,1A,10,Nav,Hard,Easy,(phase) Listening Start,0:00:07.96,6.844,NA,NA,
xxx,7/1/2015,11:02:58,Main Run,1A,10,Nav,Hard,Easy,(phase) Listening Stop,0:00:09.10,1.14,NA,NA,
xxx,7/1/2015,11:02:58,Main Run,1A,10,Nav,Hard,Easy,(phase) Speaking Start,0:00:09.12,0.016,NA,NA,
xxx,7/1/2015,11:07:36,Main Run,1A,1,TDT Long,NA,NA,Start Run,11:07:36.57,63571345656.575,NA,NA,
xxx,7/1/2015,11:07:41,Main Run,1A,1,TDT Long,NA,NA,chime,0:00:05.00,5.006,NA,NA,
xxx,7/1/2015,11:08:46,Main Run,1A,2,Nav,Easy,Easy,(phase) Listening Start,11:08:46.17,63571345726.176,NA,NA,
xxx,7/1/2015,11:08:46,Main Run,1A,2,Nav,Easy,Easy,Jump to trial 2,0:00:00.00,-63571345726.176,NA,NA,
xxx,7/1/2015,11:08:47,Main Run,1A,2,Nav,Easy,Easy,(phase) Listening Stop,0:00:01.32,1.324,NA,NA,
xxx,7/1/2015,11:08:47,Main Run,1A,2,Nav,Easy,Easy,(phase) Speaking Start,0:00:01.34,0.021,NA,NA,
xxx,7/1/2015,13:32:09,Main Run,1B,1,TDT Short,NA,NA,Start Run,13:32:09.04,63571354329.049,NA,NA,
xxx,7/1/2015,13:32:14,Main Run,1B,1,TDT Short,NA,NA,chime,0:00:05.01,5.017,NA,NA,
xxx,7/1/2015,13:32:24,Main Run,1B,2,Nav,Easy,Easy,(phase) Listening Start,0:00:15.05,10.038,NA,NA,
xxx,7/1/2015,13:32:25,Main Run,1B,2,Nav,Easy,Easy,(phase) Listening Stop,0:00:16.20,1.147,NA,NA,
xxx,7/1/2015,13:32:25,Main Run,1B,2,Nav,Easy,Easy,(phase) Speaking Start,0:00:16.22,0.023,NA,NA,
xxx,7/1/2015,13:32:43,Main Run,1A,1,TDT Long,NA,NA,Start Run,13:32:43.59,63571354363.599,NA,NA,
xxx,7/1/2015,13:32:48,Main Run,1A,1,TDT Long,NA,NA,chime,0:00:05.01,5.019,NA,NA,
xxx,7/1/2015,13:32:50,Main Run,1B,1,TDT Short,NA,NA,change scenario,0:00:06.74,6.741,NA,NA,
xxx,7/1/2015,13:32:52,Main Run,1B,1,TDT Short,NA,NA,Start Run,0:00:08.32,8.324,NA,NA,
PID, Date, Time, RunType, Scenario, Trial, Task, Cognitive, Visual, InputEvent, ElapsedTime, Duration, N_OptimalChoice, R_FirstTry, Notes
xxx,7/3/2015,11:18:54,Main Run,1A,1,TDT Long,NA,NA,Start Run,11:18:54.49,63571519134.496,NA,NA,
xxx,7/3/2015,11:18:59,Main Run,1A,1,TDT Long,NA,NA,chime,0:00:05.01,5.017,NA,NA,
xxx,7/3/2015,11:21:00,Main Run,1A,1,TDT Long,NA,NA,Start Run,11:21:00.80,63571519260.807,NA,NA,
xxx,7/3/2015,11:21:05,Main Run,1A,1,TDT Long,NA,NA,chime,0:00:05.01,5.013,NA,NA,
xxx,7/3/2015,11:25:47,Main Run,1A,1,TDT Long,NA,NA,change scenario,0:00:31.14,31.144,NA,NA,
xxx,7/3/2015,11:25:48,Main Run,1A,1,TDT Long,NA,NA,Start Run,0:00:32.84,32.841,NA,NA,
xxx,7/3/2015,11:25:53,Main Run,1A,1,TDT Long,NA,NA,chime,0:00:05.01,5.012,NA,NA,
xxx,7/3/2015,11:25:55,Main Run,1A,2,Nav,Easy,Easy,(phase) Listening Start,0:00:06.46,1.453,NA,NA,
xxx,7/3/2015,11:25:55,Main Run,1A,2,Nav,Easy,Easy,Jump to trial 2,0:00:00.00,-6.465,NA,NA,
xxx,7/3/2015,11:25:56,Main Run,1A,2,Nav,Easy,Easy,(phase) Listening Stop,0:00:01.11,1.114,NA,NA,
xxx,7/3/2015,11:25:56,Main Run,1A,2,Nav,Easy,Easy,(phase) Speaking Start,0:00:01.13,0.017,NA,NA,
xxx,7/3/2015,11:26:02,Main Run,1A,2,Nav,Easy,Easy,(phase) Speaking Stop,0:00:06.64,5.518,NA,NA,
xxx,7/3/2015,11:26:02,Main Run,1A,2,Nav,Easy,Easy,(btn) command correct perfect,0:00:06.66,0.012,NA,NA,
xxx,7/3/2015,11:26:02,Main Run,1A,2,Nav,Easy,Easy,(phase) Reading Start,0:00:06.68,0.022,NA,NA,
xxx,7/3/2015,11:26:06,Main Run,1A,2,Nav,Easy,Easy,(phase) Reading Stop,0:00:10.68,3.998,NA,NA,
xxx,7/3/2015,11:26:06,Main Run,1A,2,Nav,Easy,Easy,(btn) line 1,0:00:10.69,0.012,yes,NA,
xxx,7/3/2015,11:26:06,Main Run,1A,2,Nav,Easy,Easy,show confirmation,0:00:10.71,0.02,NA,NA,
xxx,7/3/2015,11:26:11,Main Run,1A,3,Nav,Easy,Easy,(phase) Listening Start,0:00:15.73,5.017,NA,NA,
xxx,7/3/2015,11:26:11,Main Run,1A,3,Nav,Easy,Easy,start trial 3,0:00:15.76,0.036,NA,NA,
xxx,7/3/2015,11:26:12,Main Run,1A,3,Nav,Easy,Easy,(phase) Listening Stop,0:00:16.87,1.113,NA,NA,
xxx,7/3/2015,11:26:12,Main Run,1A,3,Nav,Easy,Easy,(phase) Speaking Start,0:00:16.89,0.015,NA,NA,
xxx,7/3/2015,11:26:16,Main Run,1A,3,Nav,Easy,Easy,(phase) Speaking Stop,0:00:21.29,4.404,NA,NA,
xxx,7/3/2015,11:26:16,Main Run,1A,3,Nav,Easy,Easy,(btn) command correct perfect,0:00:21.31,0.012,NA,NA,
xxx,7/3/2015,11:26:16,Main Run,1A,3,Nav,Easy,Easy,(phase) Reading Start,0:00:21.33,0.022,NA,NA,
xxx,7/3/2015,11:26:21,Main Run,1A,3,Nav,Easy,Easy,(phase) Reading Stop,0:00:26.12,4.789,NA,NA,
xxx,7/3/2015,11:26:21,Main Run,1A,3,Nav,Easy,Easy,(btn) line 5,0:00:26.13,0.013,no,NA,
xxx,7/3/2015,11:26:21,Main Run,1A,3,Nav,Easy,Easy,show confirmation,0:00:26.15,0.019,NA,NA,
xxx,7/3/2015,11:26:26,Main Run,1A,4,Nav,Easy,Easy,(phase) Listening Start,0:00:31.16,5.016,NA,NA,
xxx,7/3/2015,11:26:26,Main Run,1A,4,Nav,Easy,Easy,start trial 4,0:00:31.20,0.033,NA,NA,
xxx,7/3/2015,11:26:27,Main Run,1A,4,Nav,Easy,Easy,(phase) Listening Stop,0:00:32.31,1.118,NA,NA,
xxx,7/3/2015,11:26:27,Main Run,1A,4,Nav,Easy,Easy,(phase) Speaking Start,0:00:32.33,0.014,NA,NA,
xxx,7/3/2015,11:39:14,Main Run,1A,1,TDT Long,NA,NA,Start Run,11:39:14.94,63571520354.949,NA,NA,
xxx,7/3/2015,11:39:20,Main Run,1A,1,TDT Long,NA,NA,chime,0:00:05.01,5.014,NA,NA,
xxx,7/3/2015,11:39:52,Main Run,1B,1,TDT Short,NA,NA,Start Run,11:39:52.92,63571520392.925,NA,NA,
xxx,7/3/2015,11:39:58,Main Run,1B,1,TDT Short,NA,NA,chime,0:00:05.01,5.014,NA,NA,
xxx,7/3/2015,11:40:14,Main Run,1B,2,Nav,Easy,Easy,(phase) Listening Start,0:00:21.33,16.317,NA,NA,
xxx,7/3/2015,11:40:14,Main Run,1B,2,Nav,Easy,Easy,Jump to trial 2,0:00:00.00,-21.331,NA,NA,
xxx,7/3/2015,11:40:14,Main Run,1B,3,Nav,Easy,Easy,(phase) Listening Start,0:00:00.02,0.021,NA,NA,
xxx,7/3/2015,11:40:15,Main Run,1B,3,Nav,Easy,Easy,(phase) Listening Stop,0:00:01.11,1.095,NA,NA,
xxx,7/3/2015,11:40:15,Main Run,1B,3,Nav,Easy,Easy,(phase) Speaking Start,0:00:01.13,0.018,NA,NA,
xxx,7/3/2015,11:40:52,Main Run,1B,1,TDT Short,NA,NA,Start Run,11:40:52.32,63571520452.325,NA,NA,
xxx,7/3/2015,11:40:57,Main Run,1B,1,TDT Short,NA,NA,chime,0:00:05.01,5.015,NA,NA,
xxx,7/3/2015,11:40:59,Main Run,1B,2,Nav,Easy,Easy,(phase) Listening Start,0:00:07.38,2.366,NA,NA,
xxx,7/3/2015,11:40:59,Main Run,1B,2,Nav,Easy,Easy,Jump to trial 2,0:00:00.00,-7.381,NA,NA,
xxx,7/3/2015,11:41:00,Main Run,1B,2,Nav,Easy,Easy,(phase) Listening Stop,0:00:01.12,1.126,NA,NA,
xxx,7/3/2015,11:41:00,Main Run,1B,2,Nav,Easy,Easy,(phase) Speaking Start,0:00:01.14,0.018,NA,NA,
xxx,7/3/2015,11:41:07,Main Run,1B,3,Nav,Easy,Easy,(phase) Listening Start,0:00:07.62,6.483,NA,NA,
xxx,7/3/2015,11:41:08,Main Run,1B,3,Nav,Easy,Easy,(phase) Listening Stop,0:00:08.77,1.143,NA,NA,
xxx,7/3/2015,11:41:08,Main Run,1B,3,Nav,Easy,Easy,(phase) Speaking Start,0:00:08.79,0.02,NA,NA,
PID, Date, Time, RunType, Scenario, Trial, Task, Cognitive, Visual, InputEvent, ElapsedTime, Duration, N_OptimalChoice, R_FirstTry, Notes
xxx,7/10/2015,15:32:44,Main Run,1A,1,TDT Long,NA,NA,Start Run,15:32:44.72,63572139164.725,NA,NA,
xxx,7/10/2015,15:32:49,Main Run,1A,1,TDT Long,NA,NA,chime,0:00:05.01,5.016,NA,NA,
xxx,7/10/2015,15:33:22,Main Run,1B,1,TDT Short,NA,NA,change scenario,0:00:37.73,37.732,NA,NA,
xxx,7/10/2015,15:33:24,Main Run,1B,1,TDT Short,NA,NA,Start Run,0:00:40.06,40.067,NA,NA,
xxx,7/10/2015,15:33:29,Main Run,1B,1,TDT Short,NA,NA,chime,0:00:05.00,5.01,NA,NA,
xxx,7/10/2015,15:34:14,Main Run,1B,4,Nav,Easy,Easy,(phase) Listening Start,0:00:49.72,44.712,NA,NA,
xxx,7/10/2015,15:34:14,Main Run,1B,4,Nav,Easy,Easy,Jump to trial 4,0:00:00.00,-49.722,NA,NA,
xxx,7/10/2015,15:34:15,Main Run,1B,4,Nav,Easy,Easy,(phase) Listening Stop,0:00:01.11,1.118,NA,NA,
xxx,7/10/2015,15:34:15,Main Run,1B,4,Nav,Easy,Easy,(phase) Speaking Start,0:00:01.13,0.013,NA,NA,
xxx,7/10/2015,15:34:29,Main Run,1B,5,Nav,Easy,Hard,(phase) Listening Start,0:00:15.28,14.157,NA,NA,
xxx,7/10/2015,15:34:31,Main Run,1B,5,Nav,Easy,Hard,(phase) Listening Stop,0:00:16.42,1.138,NA,NA,
xxx,7/10/2015,15:34:31,Main Run,1B,5,Nav,Easy,Hard,(phase) Speaking Start,0:00:16.43,0.013,NA,NA,
xxx,7/10/2015,15:45:46,Main Run,1A,1,TDT Long,NA,NA,change scenario,0:00:03.49,3.493,NA,NA,
xxx,7/10/2015,15:45:48,Main Run,1B,1,TDT Short,NA,NA,change scenario,0:00:04.95,4.952,NA,NA,
xxx,7/10/2015,15:45:49,Main Run,1B,1,TDT Short,NA,NA,Start Run,0:00:05.98,5.983,NA,NA,
xxx,7/10/2015,15:45:54,Main Run,1B,1,TDT Short,NA,NA,chime,0:00:05.01,5.011,NA,NA,
xxx,7/10/2015,15:45:57,Main Run,1A,1,TDT Long,NA,NA,change scenario,0:00:08.35,8.358,NA,NA,
xxx,7/10/2015,15:49:23,Main Run,1B,1,TDT Short,NA,NA,Start Run,15:49:23.71,63572140163.716,NA,NA,
xxx,7/10/2015,15:49:28,Main Run,1B,1,TDT Short,NA,NA,chime,0:00:05.01,5.014,NA,NA,
xxx,7/10/2015,15:49:31,Main Run,1B,2,Nav,Easy,Easy,(phase) Listening Start,0:00:07.63,2.617,NA,NA,
xxx,7/10/2015,15:49:31,Main Run,1B,2,Nav,Easy,Easy,Jump to trial 2,0:00:00.00,-7.631,NA,NA,
xxx,7/10/2015,15:49:32,Main Run,1B,2,Nav,Easy,Easy,(phase) Listening Stop,0:00:01.11,1.116,NA,NA,
xxx,7/10/2015,15:49:32,Main Run,1B,2,Nav,Easy,Easy,(phase) Speaking Start,0:00:01.12,0.014,NA,NA,
xxx,7/10/2015,15:49:38,Main Run,1B,3,Nav,Easy,Easy,(phase) Listening Start,0:00:07.38,6.256,NA,NA,
xxx,7/10/2015,15:49:39,Main Run,1B,3,Nav,Easy,Easy,(phase) Listening Stop,0:00:08.53,1.151,NA,NA,
xxx,7/10/2015,15:49:39,Main Run,1B,3,Nav,Easy,Easy,(phase) Speaking Start,0:00:08.54,0.012,NA,NA,
xxx,7/10/2015,15:50:46,Main Run,1B,1,TDT Short,NA,NA,Start Run,15:50:46.53,63572140246.539,NA,NA,
xxx,7/10/2015,15:50:51,Main Run,1B,1,TDT Short,NA,NA,chime,0:00:05.01,5.015,NA,NA,
xxx,7/10/2015,15:50:53,Main Run,1B,2,Nav,Easy,Easy,(phase) Listening Start,0:00:07.01,1.997,NA,NA,
xxx,7/10/2015,15:50:53,Main Run,1B,2,Nav,Easy,Easy,Jump to trial 2,0:00:00.00,-7.012,NA,NA,
xxx,7/10/2015,15:50:54,Main Run,1B,2,Nav,Easy,Easy,(phase) Listening Stop,0:00:01.31,1.317,NA,NA,
xxx,7/10/2015,15:50:54,Main Run,1B,2,Nav,Easy,Easy,(phase) Speaking Start,0:00:01.32,0.013,NA,NA,
xxx,7/10/2015,15:51:01,Main Run,1B,3,Nav,Easy,Easy,(phase) Listening Start,0:00:08.00,6.674,NA,NA,
xxx,7/10/2015,15:51:02,Main Run,1B,3,Nav,Easy,Easy,(phase) Listening Stop,0:00:09.14,1.14,NA,NA,
xxx,7/10/2015,15:51:02,Main Run,1B,3,Nav,Easy,Easy,(phase) Speaking Start,0:00:09.16,0.017,NA,NA,
xxx,7/10/2015,15:56:39,Main Run,1B,1,TDT Short,NA,NA,Start Run,15:56:39.85,63572140599.859,NA,NA,
xxx,7/10/2015,15:56:44,Main Run,1B,1,TDT Short,NA,NA,chime,0:00:05.01,5.015,NA,NA,
xxx,7/10/2015,15:57:22,Main Run,1B,1,TDT Short,NA,NA,Start Run,15:57:22.21,63572140642.211,NA,NA,
xxx,7/10/2015,15:57:27,Main Run,1B,1,TDT Short,NA,NA,chime,0:00:05.01,5.014,NA,NA,
xxx,7/10/2015,15:57:39,Main Run,1B,2,Nav,Easy,Easy,(phase) Listening Start,0:00:17.34,12.334,NA,NA,
xxx,7/10/2015,15:57:40,Main Run,1B,2,Nav,Easy,Easy,(phase) Listening Stop,0:00:18.48,1.137,NA,NA,
xxx,7/10/2015,15:57:40,Main Run,1B,2,Nav,Easy,Easy,(phase) Speaking Start,0:00:18.49,0.013,NA,NA,
xxx,7/10/2015,15:57:43,Main Run,1B,2,Nav,Easy,Easy,(phase) Speaking Stop,0:00:21.71,3.213,NA,NA,
xxx,7/10/2015,15:57:43,Main Run,1B,2,Nav,Easy,Easy,(btn) command correct perfect,0:00:21.72,0.011,NA,NA,
xxx,7/10/2015,15:57:44,Main Run,1B,2,Nav,Easy,Easy,(phase) Reading Start,0:00:21.75,0.03,NA,NA,
xxx,7/10/2015,15:58:03,Main Run,1B,1,TDT Short,NA,NA,Start Run,15:58:03.87,63572140683.875,NA,NA,
xxx,7/10/2015,15:58:08,Main Run,1B,1,TDT Short,NA,NA,chime,0:00:05.01,5.013,NA,NA,
xxx,7/10/2015,15:58:26,Main Run,1B,2,Nav,Easy,Easy,(phase) Listening Start,0:00:23.00,17.99,NA,NA,
PID, Date, Time, RunType, Scenario, Trial, Task, Cognitive, Visual, InputEvent, ElapsedTime, Duration, N_OptimalChoice, R_FirstTry, Notes
xxx,9/7/2015,12:38:21,Main Run,1A,1,TDT Long,NA,NA,Start Run,12:38:21.42,63577226301.424,NA,NA,
xxx,9/7/2015,12:38:26,Main Run,1A,1,TDT Long,NA,NA,chime,0:00:05.02,5.021,NA,NA,
xxx,9/7/2015,12:38:28,Main Run,1A,2,Nav,Easy,Easy,(phase) Listening Start,0:00:06.61,1.598,NA,NA,
xxx,9/7/2015,12:38:28,Main Run,1A,2,Nav,Easy,Easy,Jump to trial 2,0:00:00.00,-6.619,NA,NA,
xxx,9/7/2015,12:38:29,Main Run,1A,2,Nav,Easy,Easy,(phase) Listening Stop,0:00:01.12,1.13,NA,NA,
xxx,9/7/2015,12:38:29,Main Run,1A,2,Nav,Easy,Easy,(phase) Speaking Start,0:00:01.14,0.011,NA,NA,
xxx,9/7/2015,12:38:38,Main Run,1A,2,Nav,Easy,Easy,(phase) Speaking Stop,0:00:10.30,9.165,NA,NA,
xxx,9/7/2015,12:38:38,Main Run,1A,2,Nav,Easy,Easy,(btn) command incorrect,0:00:10.32,0.018,NA,NA,
xxx,9/7/2015,12:38:43,Main Run,1A,3,Nav,Easy,Easy,(phase) Listening Start,0:00:15.33,5.015,NA,NA,
xxx,9/7/2015,12:38:44,Main Run,1A,3,Nav,Easy,Easy,(phase) Listening Stop,0:00:16.51,1.176,NA,NA,
xxx,9/7/2015,12:38:44,Main Run,1A,3,Nav,Easy,Easy,(phase) Speaking Start,0:00:16.52,0.012,NA,NA,
xxx,9/7/2015,12:38:47,Main Run,1A,3,Nav,Easy,Easy,(phase) Speaking Stop,0:00:19.65,3.123,NA,NA,
xxx,9/7/2015,12:38:47,Main Run,1A,3,Nav,Easy,Easy,(btn) command correct perfect,0:00:19.65,0.008,NA,NA,
xxx,9/7/2015,12:38:47,Main Run,1A,3,Nav,Easy,Easy,(phase) Reading Start,0:00:19.68,0.028,NA,NA,
xxx,9/7/2015,12:38:55,Main Run,1A,3,Nav,Easy,Easy,(phase) Reading Stop,0:00:27.32,7.636,NA,NA,
xxx,9/7/2015,12:38:55,Main Run,1A,3,Nav,Easy,Easy,(btn) line 1,0:00:27.33,0.009,yes,NA,
xxx,9/7/2015,12:38:55,Main Run,1A,3,Nav,Easy,Easy,show confirmation,0:00:27.34,0.016,NA,NA,
xxx,9/7/2015,12:39:00,Main Run,1A,4,Nav,Easy,Easy,(phase) Listening Start,0:00:32.35,5.009,NA,NA,
xxx,9/7/2015,12:39:00,Main Run,1A,4,Nav,Easy,Easy,start trial 4,0:00:32.40,0.052,NA,NA,
xxx,9/7/2015,12:39:01,Main Run,1A,4,Nav,Easy,Easy,(phase) Listening Stop,0:00:33.52,1.12,NA,NA,
xxx,9/7/2015,12:39:01,Main Run,1A,4,Nav,Easy,Easy,(phase) Speaking Start,0:00:33.53,0.009,NA,NA,
xxx,9/7/2015,12:39:05,Main Run,1A,4,Nav,Easy,Easy,(phase) Speaking Stop,0:00:37.69,4.161,NA,NA,
xxx,9/7/2015,12:39:05,Main Run,1A,4,Nav,Easy,Easy,(btn) command correct perfect,0:00:37.70,0.009,NA,NA,
xxx,9/7/2015,12:39:05,Main Run,1A,4,Nav,Easy,Easy,(phase) Reading Start,0:00:37.72,0.018,NA,NA,
xxx,9/7/2015,12:41:26,Main Run,1A,5,Nav,Easy,Hard,(phase) Listening Start,0:02:58.39,140.675,NA,NA,
xxx,9/7/2015,12:41:27,Main Run,1A,5,Nav,Easy,Hard,(phase) Listening Stop,0:02:59.54,1.14,NA,NA,
xxx,9/7/2015,12:41:27,Main Run,1A,5,Nav,Easy,Hard,(phase) Speaking Start,0:02:59.55,0.01,NA,NA,
